--cfg_SysSequence
INSERT [cTest].[cfg_SysSequence] ([SequenceName], [CurrentValue], [InitValue], [MaxValue], [StepValue], [PreFixString], [PostFixString], [Comments], [CurrDate]) 
VALUES (N'BusinessType', 1, 1, 999999, 1, N'BUT', NULL, N'业务类型编号', N'2018-12-01')
INSERT [cTest].[cfg_SysSequence] ([SequenceName], [CurrentValue], [InitValue], [MaxValue], [StepValue], [PreFixString], [PostFixString], [Comments], [CurrDate]) 
VALUES (N'MessageTemplate', 1, 1, 999999, 1, N'MGT', NULL, N'消息模板编号', N'2018-12-01')
INSERT [cTest].[cfg_SysSequence] ([SequenceName], [CurrentValue], [InitValue], [MaxValue], [StepValue], [PreFixString], [PostFixString], [Comments], [CurrDate]) 
VALUES (N'Config', 1, 1, 999999, 1, N'CFG', NULL, N'配置编号', N'2018-12-01')
INSERT [cTest].[cfg_SysSequence] ([SequenceName], [CurrentValue], [InitValue], [MaxValue], [StepValue], [PreFixString], [PostFixString], [Comments], [CurrDate]) 
VALUES (N'FinancingDemand', 1, 1, 999999, 1, N'FDO', NULL, N'融资申请编号', N'2018-12-01')
INSERT [cTest].[cfg_SysSequence] ([SequenceName], [CurrentValue], [InitValue], [MaxValue], [StepValue], [PreFixString], [PostFixString], [Comments], [CurrDate]) 
VALUES (N'Organization', 1, 1, 999999, 1, N'ORG', NULL, N'组织编号', N'2018-12-01')
INSERT [cTest].[cfg_SysSequence] ([SequenceName], [CurrentValue], [InitValue], [MaxValue], [StepValue], [PreFixString], [PostFixString], [Comments], [CurrDate]) 
VALUES (N'Member', 1, 1, 999999, 1, N'USR', NULL, N'用户编号', N'2018-12-01')
INSERT [cTest].[cfg_SysSequence] ([SequenceName], [CurrentValue], [InitValue], [MaxValue], [StepValue], [PreFixString], [PostFixString], [Comments], [CurrDate]) 
VALUES (N'Customer', 1, 1, 999999, 1, N'CUR', NULL, N'客户编号', N'2018-12-01')
INSERT [cTest].[cfg_SysSequence] ([SequenceName], [CurrentValue], [InitValue], [MaxValue], [StepValue], [PreFixString], [PostFixString], [Comments], [CurrDate]) 
VALUES (N'Supplier', 1, 1, 999999, 1, N'SUP', NULL, N'供应商编号', N'2018-12-01')
INSERT [cTest].[cfg_SysSequence] ([SequenceName], [CurrentValue], [InitValue], [MaxValue], [StepValue], [PreFixString], [PostFixString], [Comments], [CurrDate]) 
VALUES (N'OfferingProvider', 1, 1, 999999, 1, N'OPS', NULL, N'商品模板编号', N'2018-12-01')
INSERT [cTest].[cfg_SysSequence] ([SequenceName], [CurrentValue], [InitValue], [MaxValue], [StepValue], [PreFixString], [PostFixString], [Comments], [CurrDate]) 
VALUES (N'Offering', 1, 1, 999999, 1, N'OFR', NULL, N'商品编号', N'2018-12-01')
INSERT [cTest].[cfg_SysSequence] ([SequenceName], [CurrentValue], [InitValue], [MaxValue], [StepValue], [PreFixString], [PostFixString], [Comments], [CurrDate]) 
VALUES (N'MaterialNote', 1, 1, 999999, 1, N'MAN', NULL, N'物料编号', N'2018-12-01')
INSERT [cTest].[cfg_SysSequence] ([SequenceName], [CurrentValue], [InitValue], [MaxValue], [StepValue], [PreFixString], [PostFixString], [Comments], [CurrDate]) 
VALUES (N'Product', 1, 1, 999999, 1, N'PRD', NULL, N'产品编号', N'2018-12-01')
INSERT [cTest].[cfg_SysSequence] ([SequenceName], [CurrentValue], [InitValue], [MaxValue], [StepValue], [PreFixString], [PostFixString], [Comments], [CurrDate]) 
VALUES (N'PartNote', 1, 1, 999999, 1, N'PNT', NULL, N'原料编号', N'2018-12-01')

INSERT [cTest].[cfg_SysSequence] ([SequenceName], [CurrentValue], [InitValue], [MaxValue], [StepValue], [PreFixString], [PostFixString], [Comments], [CurrDate]) 
VALUES (N'OrderOffering', 1, 1, 999999, 1, N'OOR', NULL, N'订单编号', N'2018-12-01')
INSERT [cTest].[cfg_SysSequence] ([SequenceName], [CurrentValue], [InitValue], [MaxValue], [StepValue], [PreFixString], [PostFixString], [Comments], [CurrDate]) 
VALUES (N'InquireOrder', 1, 1, 999999, 1, N'IOR', NULL, N'询价单编号', N'2018-12-01')
INSERT [cTest].[cfg_SysSequence] ([SequenceName], [CurrentValue], [InitValue], [MaxValue], [StepValue], [PreFixString], [PostFixString], [Comments], [CurrDate]) 
VALUES (N'QuotationOrder', 1, 1, 999999, 1, N'QOR', NULL, N'报价单编号', N'2018-12-01')
INSERT [cTest].[cfg_SysSequence] ([SequenceName], [CurrentValue], [InitValue], [MaxValue], [StepValue], [PreFixString], [PostFixString], [Comments], [CurrDate]) 
VALUES (N'PurchaseRequire', 1, 1, 999999, 1, N'PRR', NULL, N'采购需求编号', N'2018-12-01')
INSERT [cTest].[cfg_SysSequence] ([SequenceName], [CurrentValue], [InitValue], [MaxValue], [StepValue], [PreFixString], [PostFixString], [Comments], [CurrDate]) 
VALUES (N'PurchaseOrder', 1, 1, 999999, 1, N'POR', NULL, N'采购订单编号', N'2018-12-01')
INSERT [cTest].[cfg_SysSequence] ([SequenceName], [CurrentValue], [InitValue], [MaxValue], [StepValue], [PreFixString], [PostFixString], [Comments], [CurrDate])
VALUES (N'SalesOrder', 1, 1, 999999, 1, N'SOR', NULL, N'销售订单编号', N'2018-12-01')
INSERT [cTest].[cfg_SysSequence] ([SequenceName], [CurrentValue], [InitValue], [MaxValue], [StepValue], [PreFixString], [PostFixString], [Comments], [CurrDate]) 
VALUES (N'APInvoice', 1, 1, 999999, 1, N'API', NULL, N'应付发票单编号', N'2018-12-01')
INSERT [cTest].[cfg_SysSequence] ([SequenceName], [CurrentValue], [InitValue], [MaxValue], [StepValue], [PreFixString], [PostFixString], [Comments], [CurrDate]) 
VALUES (N'ARInvoice', 1, 1, 999999, 1, N'ARI', NULL, N'应收发票单编号', N'2018-12-01')
INSERT [cTest].[cfg_SysSequence] ([SequenceName], [CurrentValue], [InitValue], [MaxValue], [StepValue], [PreFixString], [PostFixString], [Comments], [CurrDate]) 
VALUES (N'DeliveryNote', 1, 1, 999999, 1, N'DNR', NULL, N'发货单编号', N'2018-12-01')
INSERT [cTest].[cfg_SysSequence] ([SequenceName], [CurrentValue], [InitValue], [MaxValue], [StepValue], [PreFixString], [PostFixString], [Comments], [CurrDate])
VALUES (N'GoodsReceipt', 1, 1, 999999, 1, N'GRR', NULL, N'入库单编号', N'2018-12-01')
INSERT [cTest].[cfg_SysSequence] ([SequenceName], [CurrentValue], [InitValue], [MaxValue], [StepValue], [PreFixString], [PostFixString], [Comments], [CurrDate])
VALUES (N'PaymentNote', 1, 1, 999999, 1, N'PAY', NULL, N'付款单编号', N'2018-12-01')
INSERT [cTest].[cfg_SysSequence] ([SequenceName], [CurrentValue], [InitValue], [MaxValue], [StepValue], [PreFixString], [PostFixString], [Comments], [CurrDate])
VALUES (N'CreditNote', 1, 1, 999999, 1, N'CDT', NULL, N'收款单编号', N'2018-12-01')

INSERT [cTest].[cfg_SysSequence] ([SequenceName], [CurrentValue], [InitValue], [MaxValue], [StepValue], [PreFixString], [PostFixString], [Comments], [CurrDate])
VALUES (N'WorkflowId', 1, 1, 999999, 1, N'WFID', NULL, N'流程实例编号', N'2018-12-01')
INSERT [cTest].[cfg_SysSequence] ([SequenceName], [CurrentValue], [InitValue], [MaxValue], [StepValue], [PreFixString], [PostFixString], [Comments], [CurrDate])
VALUES (N'WorkflowTaskId', 1, 1, 999999, 1, N'WTID', NULL, N'流程任务编号', N'2018-12-01')
INSERT [cTest].[cfg_SysSequence] ([SequenceName], [CurrentValue], [InitValue], [MaxValue], [StepValue], [PreFixString], [PostFixString], [Comments], [CurrDate])
VALUES (N'WorkflowCode', 1, 1, 999999, 1, N'WFC', NULL, N'流程定义编号', N'2018-12-01')
INSERT [cTest].[cfg_SysSequence] ([SequenceName], [CurrentValue], [InitValue], [MaxValue], [StepValue], [PreFixString], [PostFixString], [Comments], [CurrDate])
VALUES (N'WorkflowNode', 1, 1, 999999, 1, N'WFN', NULL, N'流程环节编号', N'2018-12-01')
INSERT [cTest].[cfg_SysSequence] ([SequenceName], [CurrentValue], [InitValue], [MaxValue], [StepValue], [PreFixString], [PostFixString], [Comments], [CurrDate])
VALUES (N'WorkflowVersion', 1, 1, 999999, 1, N'WFV', NULL, N'流程版本编号', N'2018-12-01')


INSERT [cTest].[cfg_SysSequence] ([SequenceName], [CurrentValue], [InitValue], [MaxValue], [StepValue], [PreFixString], [PostFixString], [Comments], [CurrDate])
VALUES (N'DictionaryType', 1, 1, 999999, 1, N'DCT', NULL, N'字典类型编号', N'2018-12-01')
INSERT [cTest].[cfg_SysSequence] ([SequenceName], [CurrentValue], [InitValue], [MaxValue], [StepValue], [PreFixString], [PostFixString], [Comments], [CurrDate])
VALUES (N'DictionaryValue', 1, 1, 999999, 1, N'DCV', NULL, N'字典值编号', N'2018-12-01')

INSERT [cTest].[cfg_SysSequence] ([SequenceName], [CurrentValue], [InitValue], [MaxValue], [StepValue], [PreFixString], [PostFixString], [Comments], [CurrDate])
VALUES (N'UserSetting', 1, 1, 999999, 1, N'USC', NULL, N'用户设置编号', N'2018-12-01')
INSERT [cTest].[cfg_SysSequence] ([SequenceName], [CurrentValue], [InitValue], [MaxValue], [StepValue], [PreFixString], [PostFixString], [Comments], [CurrDate])
VALUES (N'AppSetting', 1, 1, 999999, 1, N'ASC', NULL, N'应用设置编号', N'2018-12-01')
INSERT [cTest].[cfg_SysSequence] ([SequenceName], [CurrentValue], [InitValue], [MaxValue], [StepValue], [PreFixString], [PostFixString], [Comments], [CurrDate])
VALUES (N'SystemSetting', 1, 1, 999999, 1, N'SSC', NULL, N'系统设置编号', N'2018-12-01')

INSERT [cTest].[cfg_SysSequence] ([SequenceName], [CurrentValue], [InitValue], [MaxValue], [StepValue], [PreFixString], [PostFixString], [Comments], [CurrDate])
VALUES (N'DocumentCode', 1, 1, 999999, 1, N'DOC', NULL, N'文档编号', N'2018-12-01')
GO



-------------汇潮支付：CFG2018120100001
SET IDENTITY_INSERT [cTest].[cfg_ConfigEntity] ON 
INSERT [cTest].[cfg_ConfigEntity] ([ConfigId], [ConfigType], [ConfigName], [ConfigDescription], [ConfigXml], [IsDeleted], [CreatedBy], [CreatedDate], [ModifiedBy], [ModifiedDate], [ConfigSign], [ConfigImgUrl], [State], [ConfigCode]) VALUES (1, 3, N'汇潮支付', N'汇潮支付', NULL, 1, N'admin@kcloudy.com', CAST(N'2015-06-09T06:41:00.587' AS DateTime), N'admin@kcloudy.com', CAST(N'2015-08-25T01:28:05.567' AS DateTime), 0, NULL, 0, N'CFG2018120100001')
INSERT [cTest].[cfg_ConfigAttribute] ([DisplayName], [Description], [ConfigId], [DataType], [Name], [Value], [Value1], [Value2], [CanEdit], [IsProviderAttr], [Index], [IsDeleted], [CreatedBy], [CreatedDate], [ModifiedBy], [ModifiedDate], [IsFileAttr]) VALUES (N'接收支付结果地址', N'后台网站，支付完成后，后台接收支付结果，可用来更新数据库值', 1, 0, N'AdminAdviceURL', N'http://admin.cfwin.com/OnlinePayment/HCPaymentReceive', NULL, NULL, 0, 0, 0, 0, N'admin@kcloudy.com', CAST(N'2015-06-09T06:41:00.587' AS DateTime), N'admin@kcloudy.com', CAST(N'2015-06-09T06:41:00.637' AS DateTime), 0)
INSERT [cTest].[cfg_ConfigAttribute] ([DisplayName], [Description], [ConfigId], [DataType], [Name], [Value], [Value1], [Value2], [CanEdit], [IsProviderAttr], [Index], [IsDeleted], [CreatedBy], [CreatedDate], [ModifiedBy], [ModifiedDate], [IsFileAttr]) VALUES (N'返回地址', N'后台网站', 1, 0, N'AdminReturnURL', N'http://admin.cfwin.com/OnlinePayment/HCPaymentPickup', NULL, NULL, 0, 0, 0, 0, N'admin@kcloudy.com', CAST(N'2015-06-09T06:41:00.587' AS DateTime), N'admin@kcloudy.com', CAST(N'2015-06-09T06:41:00.637' AS DateTime), 0)
INSERT [cTest].[cfg_ConfigAttribute] ([DisplayName], [Description], [ConfigId], [DataType], [Name], [Value], [Value1], [Value2], [CanEdit], [IsProviderAttr], [Index], [IsDeleted], [CreatedBy], [CreatedDate], [ModifiedBy], [ModifiedDate], [IsFileAttr]) VALUES (N'提交地址', N'递交到支付平台的地址', 1, 0, N'PostUrl', N'https://pay.ecpss.com/sslpayment', NULL, NULL, 0, 0, 0, 0, N'admin@kcloudy.com', CAST(N'2015-06-09T06:41:00.587' AS DateTime), N'admin@kcloudy.com', CAST(N'2015-06-09T06:41:00.637' AS DateTime), 0)

-------------宝付支付：CFG2018120100002
INSERT [cTest].[cfg_ConfigEntity] ([ConfigId], [ConfigType], [ConfigName], [ConfigDescription], [ConfigXml], [IsDeleted], [CreatedBy], [CreatedDate], [ModifiedBy], [ModifiedDate], [ConfigSign], [ConfigImgUrl], [State], [ConfigCode]) VALUES (2, 3, N'宝付支付', N'宝付支付', NULL, 1, N'admin@kcloudy.com', CAST(N'2015-06-09T06:45:14.947' AS DateTime), N'admin@kcloudy.com', CAST(N'2016-03-11T08:41:47.230' AS DateTime), 0, NULL, 0, N'CFG2018120100002')
INSERT [cTest].[cfg_ConfigAttribute] ([DisplayName], [Description], [ConfigId], [DataType], [Name], [Value], [Value1], [Value2], [CanEdit], [IsProviderAttr], [Index], [IsDeleted], [CreatedBy], [CreatedDate], [ModifiedBy], [ModifiedDate], [IsFileAttr]) VALUES (N'支付方法', N'支付方法，选择支付方式时调用的方法，此项必须，只需要修改值', 2, 0, N'PaymentMethod', N'BFPaymentMethod', NULL, NULL, 0, 0, 0, 0, N'rayxuan@cfwin.com', CAST(N'2015-09-08T09:54:30.393' AS DateTime), N'rayxuan@cfwin.com', CAST(N'2015-09-08T09:54:30.550' AS DateTime), 0)
INSERT [cTest].[cfg_ConfigAttribute] ([DisplayName], [Description], [ConfigId], [DataType], [Name], [Value], [Value1], [Value2], [CanEdit], [IsProviderAttr], [Index], [IsDeleted], [CreatedBy], [CreatedDate], [ModifiedBy], [ModifiedDate], [IsFileAttr]) VALUES (N'商户号', N'', 2, 0, N'MemberID', N'431209', NULL, NULL, 0, 0, 0, 0, N'rayxuan@cfwin.com', CAST(N'2015-09-08T09:54:30.393' AS DateTime), N'rayxuan@cfwin.com', CAST(N'2015-09-08T09:54:30.550' AS DateTime), 0)
INSERT [cTest].[cfg_ConfigAttribute] ([DisplayName], [Description], [ConfigId], [DataType], [Name], [Value], [Value1], [Value2], [CanEdit], [IsProviderAttr], [Index], [IsDeleted], [CreatedBy], [CreatedDate], [ModifiedBy], [ModifiedDate], [IsFileAttr]) VALUES (N'终端号', N'', 2, 0, N'TerminalID', N'23664', NULL, NULL, 0, 0, 0, 0, N'rayxuan@cfwin.com', CAST(N'2015-09-08T09:54:30.393' AS DateTime), N'rayxuan@cfwin.com', CAST(N'2015-09-08T09:54:30.550' AS DateTime), 0)
INSERT [cTest].[cfg_ConfigAttribute] ([DisplayName], [Description], [ConfigId], [DataType], [Name], [Value], [Value1], [Value2], [CanEdit], [IsProviderAttr], [Index], [IsDeleted], [CreatedBy], [CreatedDate], [ModifiedBy], [ModifiedDate], [IsFileAttr]) VALUES (N'密钥', N'', 2, 0, N'MD5Key', N'auepbt2wsldvns2c', NULL, NULL, 0, 0, 0, 0, N'rayxuan@cfwin.com', CAST(N'2015-09-08T09:54:30.393' AS DateTime), N'rayxuan@cfwin.com', CAST(N'2015-09-08T09:54:30.550' AS DateTime), 0)
INSERT [cTest].[cfg_ConfigAttribute] ([DisplayName], [Description], [ConfigId], [DataType], [Name], [Value], [Value1], [Value2], [CanEdit], [IsProviderAttr], [Index], [IsDeleted], [CreatedBy], [CreatedDate], [ModifiedBy], [ModifiedDate], [IsFileAttr]) VALUES (N'接收地址', N'', 2, 0, N'PostUrl', N'https://gw.baofoo.com/payindex', NULL, NULL, 0, 0, 0, 0, N'rayxuan@cfwin.com', CAST(N'2015-09-08T09:54:30.393' AS DateTime), N'rayxuan@cfwin.com', CAST(N'2015-09-08T09:54:30.550' AS DateTime), 0)
INSERT [cTest].[cfg_ConfigAttribute] ([DisplayName], [Description], [ConfigId], [DataType], [Name], [Value], [Value1], [Value2], [CanEdit], [IsProviderAttr], [Index], [IsDeleted], [CreatedBy], [CreatedDate], [ModifiedBy], [ModifiedDate], [IsFileAttr]) VALUES (N'接口版本号', N'', 2, 0, N'InterfaceVersion', N'4.0', NULL, NULL, 0, 0, 0, 0, N'rayxuan@cfwin.com', CAST(N'2015-09-08T09:54:30.393' AS DateTime), N'rayxuan@cfwin.com', CAST(N'2015-09-08T09:54:30.550' AS DateTime), 0)
INSERT [cTest].[cfg_ConfigAttribute] ([DisplayName], [Description], [ConfigId], [DataType], [Name], [Value], [Value1], [Value2], [CanEdit], [IsProviderAttr], [Index], [IsDeleted], [CreatedBy], [CreatedDate], [ModifiedBy], [ModifiedDate], [IsFileAttr]) VALUES (N'加密类型', N'', 2, 0, N'KeyType', N'1', NULL, NULL, 0, 0, 0, 0, N'rayxuan@cfwin.com', CAST(N'2015-09-08T09:54:30.393' AS DateTime), N'rayxuan@cfwin.com', CAST(N'2015-09-08T09:54:30.550' AS DateTime), 0)
INSERT [cTest].[cfg_ConfigAttribute] ([DisplayName], [Description], [ConfigId], [DataType], [Name], [Value], [Value1], [Value2], [CanEdit], [IsProviderAttr], [Index], [IsDeleted], [CreatedBy], [CreatedDate], [ModifiedBy], [ModifiedDate], [IsFileAttr]) VALUES (N'通知方式', N'1：服务器通知和页面通知。支付成功后，自动重定向到“通知商户地址” 0：只发服务器端通知，不跳转', 2, 0, N'NoticeType', N'1', NULL, NULL, 0, 0, 0, 0, N'rayxuan@cfwin.com', CAST(N'2015-09-08T09:54:30.393' AS DateTime), N'rayxuan@cfwin.com', CAST(N'2015-09-08T09:54:30.550' AS DateTime), 0)
INSERT [cTest].[cfg_ConfigAttribute] ([DisplayName], [Description], [ConfigId], [DataType], [Name], [Value], [Value1], [Value2], [CanEdit], [IsProviderAttr], [Index], [IsDeleted], [CreatedBy], [CreatedDate], [ModifiedBy], [ModifiedDate], [IsFileAttr]) VALUES (N'前台网站通知商户地址', N'通知商户地址(页面重定向地址)', 2, 0, N'PageUrl', N'http://www.cfwin.com/OnlinePayment/BFPaymentPickup', NULL, NULL, 0, 0, 0, 0, N'rayxuan@cfwin.com', CAST(N'2015-09-08T09:54:30.393' AS DateTime), N'rayxuan@cfwin.com', CAST(N'2015-09-08T09:54:30.550' AS DateTime), 0)
INSERT [cTest].[cfg_ConfigAttribute] ([DisplayName], [Description], [ConfigId], [DataType], [Name], [Value], [Value1], [Value2], [CanEdit], [IsProviderAttr], [Index], [IsDeleted], [CreatedBy], [CreatedDate], [ModifiedBy], [ModifiedDate], [IsFileAttr]) VALUES (N'前台网站底层通知地址', N'底层通知地址', 2, 0, N'ReturnUrl', N'http://www.cfwin.com/OnlinePayment/BFPaymentReceive', NULL, NULL, 0, 0, 0, 0, N'rayxuan@cfwin.com', CAST(N'2015-09-08T09:54:30.393' AS DateTime), N'rayxuan@cfwin.com', CAST(N'2015-09-08T09:54:30.550' AS DateTime), 0)
INSERT [cTest].[cfg_ConfigAttribute] ([DisplayName], [Description], [ConfigId], [DataType], [Name], [Value], [Value1], [Value2], [CanEdit], [IsProviderAttr], [Index], [IsDeleted], [CreatedBy], [CreatedDate], [ModifiedBy], [ModifiedDate], [IsFileAttr]) VALUES (N'后台网站通知商户地址', N'', 2, 0, N'AdminPageUrl', N'http://admin.cfwin.com/OnlinePayment/BFPaymentPickup', NULL, NULL, 0, 0, 0, 0, N'rayxuan@cfwin.com', CAST(N'2015-09-08T09:54:30.393' AS DateTime), N'rayxuan@cfwin.com', CAST(N'2015-09-08T09:54:30.550' AS DateTime), 0)
INSERT [cTest].[cfg_ConfigAttribute] ([DisplayName], [Description], [ConfigId], [DataType], [Name], [Value], [Value1], [Value2], [CanEdit], [IsProviderAttr], [Index], [IsDeleted], [CreatedBy], [CreatedDate], [ModifiedBy], [ModifiedDate], [IsFileAttr]) VALUES (N'后台网站通知商户地址', N'', 2, 0, N'AdminReturnUrl', N'http://admin.cfwin.com/OnlinePayment/BFPaymentReceive', NULL, NULL, 0, 0, 0, 0, N'rayxuan@cfwin.com', CAST(N'2015-09-08T09:54:30.393' AS DateTime), N'rayxuan@cfwin.com', CAST(N'2015-09-08T09:54:30.550' AS DateTime), 0)

-------------创蓝-通知短信：CFG2018120100003
INSERT [cTest].[cfg_ConfigEntity] ([ConfigId], [ConfigType], [ConfigName], [ConfigDescription], [ConfigXml], [IsDeleted], [CreatedBy], [CreatedDate], [ModifiedBy], [ModifiedDate], [ConfigSign], [ConfigImgUrl], [State], [ConfigCode]) VALUES (3, 2, N'创蓝-通知短信', N'创蓝', NULL, 0, N'admin@kcloudy.com', CAST(N'2015-08-05T10:47:02.757' AS DateTime), N'admin@kcloudy.com', CAST(N'2015-08-14T02:30:26.297' AS DateTime), 0, NULL, 0, N'CFG2018120100003')
INSERT [cTest].[cfg_ConfigAttribute] ([DisplayName], [Description], [ConfigId], [DataType], [Name], [Value], [Value1], [Value2], [CanEdit], [IsProviderAttr], [Index], [IsDeleted], [CreatedBy], [CreatedDate], [ModifiedBy], [ModifiedDate], [IsFileAttr]) VALUES (N'发送地址', N'发送地址，此项必须，只需要修改值', 3, 0, N'SmsUrl', N'http://222.73.117.158/msg/HttpBatchSendSM', NULL, NULL, 0, 0, 0, 0, N'admin@kcloudy.com', CAST(N'2015-08-05T11:17:21.273' AS DateTime), N'admin@kcloudy.com', CAST(N'2015-08-05T11:17:21.473' AS DateTime), 0)
INSERT [cTest].[cfg_ConfigAttribute] ([DisplayName], [Description], [ConfigId], [DataType], [Name], [Value], [Value1], [Value2], [CanEdit], [IsProviderAttr], [Index], [IsDeleted], [CreatedBy], [CreatedDate], [ModifiedBy], [ModifiedDate], [IsFileAttr]) VALUES (N'用户名', N'平台账号，此项必须，只需要修改值', 3, 0, N'UserAccount', N'caifugy', NULL, NULL, 0, 0, 0, 0, N'admin@kcloudy.com', CAST(N'2015-08-05T11:17:21.273' AS DateTime), N'admin@kcloudy.com', CAST(N'2015-08-05T11:17:21.473' AS DateTime), 0)
INSERT [cTest].[cfg_ConfigAttribute] ([DisplayName], [Description], [ConfigId], [DataType], [Name], [Value], [Value1], [Value2], [CanEdit], [IsProviderAttr], [Index], [IsDeleted], [CreatedBy], [CreatedDate], [ModifiedBy], [ModifiedDate], [IsFileAttr]) VALUES (N'密码', N'平台账号密码，此项必须，只需要修改值', 3, 0, N'Password', N'Caifu123', NULL, NULL, 0, 0, 0, 0, N'admin@kcloudy.com', CAST(N'2015-08-05T11:17:21.273' AS DateTime), N'admin@kcloudy.com', CAST(N'2015-08-05T11:17:21.473' AS DateTime), 0)
INSERT [cTest].[cfg_ConfigAttribute] ([DisplayName], [Description], [ConfigId], [DataType], [Name], [Value], [Value1], [Value2], [CanEdit], [IsProviderAttr], [Index], [IsDeleted], [CreatedBy], [CreatedDate], [ModifiedBy], [ModifiedDate], [IsFileAttr]) VALUES (N'类型', N'用途：通知短信或者营销短信，如果不填，则通知短信跟营销短信都可使用。', 3, 0, N'Type', N'0', NULL, NULL, 0, 0, 0, 0, N'admin@kcloudy.com', CAST(N'2015-08-05T11:17:21.273' AS DateTime), N'admin@kcloudy.com', CAST(N'2015-08-05T11:17:21.473' AS DateTime), 0)
INSERT [cTest].[cfg_ConfigAttribute] ([DisplayName], [Description], [ConfigId], [DataType], [Name], [Value], [Value1], [Value2], [CanEdit], [IsProviderAttr], [Index], [IsDeleted], [CreatedBy], [CreatedDate], [ModifiedBy], [ModifiedDate], [IsFileAttr]) VALUES (N'平台名称', N'需要结合程序中实现的Class名称使用。', 3, 0, N'ProviderName', N'CL', NULL, NULL, 0, 0, 0, 0, N'admin@kcloudy.com', CAST(N'2015-08-05T11:17:21.273' AS DateTime), N'admin@kcloudy.com', CAST(N'2015-08-05T11:17:21.473' AS DateTime), 0)

-------------骏媒短信：CFG2018120100004
INSERT [cTest].[cfg_ConfigEntity] ([ConfigId], [ConfigType], [ConfigName], [ConfigDescription], [ConfigXml], [IsDeleted], [CreatedBy], [CreatedDate], [ModifiedBy], [ModifiedDate], [ConfigSign], [ConfigImgUrl], [State], [ConfigCode]) VALUES (4, 2, N'骏媒科技', N'骏媒科技', NULL, 1, N'admin@kcloudy.com', CAST(N'2015-08-05T11:14:35.927' AS DateTime), N'admin@kcloudy.com', CAST(N'2015-08-14T02:30:24.833' AS DateTime), 0, NULL, 0, N'CFG2018120100004')
INSERT [cTest].[cfg_ConfigAttribute] ([DisplayName], [Description], [ConfigId], [DataType], [Name], [Value], [Value1], [Value2], [CanEdit], [IsProviderAttr], [Index], [IsDeleted], [CreatedBy], [CreatedDate], [ModifiedBy], [ModifiedDate], [IsFileAttr]) VALUES (N'发送地址', N'发送地址，此项必须，只需要修改值', 4, 0, N'SmsUrl', N'http://211.147.242.161:8888/sms.aspx', NULL, NULL, 0, 0, 0, 0, N'admin@kcloudy.com', CAST(N'2015-08-13T06:53:42.697' AS DateTime), N'admin@kcloudy.com', CAST(N'2015-08-13T06:53:42.727' AS DateTime), 0)
INSERT [cTest].[cfg_ConfigAttribute] ([DisplayName], [Description], [ConfigId], [DataType], [Name], [Value], [Value1], [Value2], [CanEdit], [IsProviderAttr], [Index], [IsDeleted], [CreatedBy], [CreatedDate], [ModifiedBy], [ModifiedDate], [IsFileAttr]) VALUES (N'用户名', N'平台账号，此项必须，只需要修改值', 4, 0, N'UserAccount', N'cfwin', NULL, NULL, 0, 0, 0, 0, N'admin@kcloudy.com', CAST(N'2015-08-13T06:53:42.697' AS DateTime), N'admin@kcloudy.com', CAST(N'2015-08-13T06:53:42.727' AS DateTime), 0)
INSERT [cTest].[cfg_ConfigAttribute] ([DisplayName], [Description], [ConfigId], [DataType], [Name], [Value], [Value1], [Value2], [CanEdit], [IsProviderAttr], [Index], [IsDeleted], [CreatedBy], [CreatedDate], [ModifiedBy], [ModifiedDate], [IsFileAttr]) VALUES (N'密码', N'平台账号密码，此项必须，只需要修改值', 4, 0, N'Password', N'Cfwin82680051', NULL, NULL, 0, 0, 0, 0, N'admin@kcloudy.com', CAST(N'2015-08-13T06:53:42.697' AS DateTime), N'admin@kcloudy.com', CAST(N'2015-08-13T06:53:42.727' AS DateTime), 0)
INSERT [cTest].[cfg_ConfigAttribute] ([DisplayName], [Description], [ConfigId], [DataType], [Name], [Value], [Value1], [Value2], [CanEdit], [IsProviderAttr], [Index], [IsDeleted], [CreatedBy], [CreatedDate], [ModifiedBy], [ModifiedDate], [IsFileAttr]) VALUES (N'类型', N'用途：通知短信或者营销短信，如果不填，则通知短信跟营销短信都可使用。', 4, 0, N'Type', N'0', NULL, NULL, 0, 0, 0, 0, N'admin@kcloudy.com', CAST(N'2015-08-13T06:53:42.697' AS DateTime), N'admin@kcloudy.com', CAST(N'2015-08-13T06:53:42.727' AS DateTime), 0)
INSERT [cTest].[cfg_ConfigAttribute] ([DisplayName], [Description], [ConfigId], [DataType], [Name], [Value], [Value1], [Value2], [CanEdit], [IsProviderAttr], [Index], [IsDeleted], [CreatedBy], [CreatedDate], [ModifiedBy], [ModifiedDate], [IsFileAttr]) VALUES (N'平台名称', N'需要结合程序中实现的Class名称使用。', 4, 0, N'ProviderName', N'GeneralMS', NULL, NULL, 0, 0, 0, 0, N'admin@kcloudy.com', CAST(N'2015-08-13T06:53:42.697' AS DateTime), N'admin@kcloudy.com', CAST(N'2015-08-13T06:53:42.727' AS DateTime), 0)
INSERT [cTest].[cfg_ConfigAttribute] ([DisplayName], [Description], [ConfigId], [DataType], [Name], [Value], [Value1], [Value2], [CanEdit], [IsProviderAttr], [Index], [IsDeleted], [CreatedBy], [CreatedDate], [ModifiedBy], [ModifiedDate], [IsFileAttr]) VALUES (N'UserId', N'', 4, 0, N'UserId', N'1381', NULL, NULL, 0, 0, 0, 0, N'admin@kcloudy.com', CAST(N'2015-08-13T06:53:42.697' AS DateTime), N'admin@kcloudy.com', CAST(N'2015-08-13T06:53:42.727' AS DateTime), 0)
INSERT [cTest].[cfg_ConfigAttribute] ([DisplayName], [Description], [ConfigId], [DataType], [Name], [Value], [Value1], [Value2], [CanEdit], [IsProviderAttr], [Index], [IsDeleted], [CreatedBy], [CreatedDate], [ModifiedBy], [ModifiedDate], [IsFileAttr]) VALUES (N'Signature', N'短信签名', 4, 0, N'Signature', N'【财富共赢】', NULL, NULL, 0, 0, 0, 0, N'admin@kcloudy.com', CAST(N'2015-08-13T06:53:42.697' AS DateTime), N'admin@kcloudy.com', CAST(N'2015-08-13T06:53:42.727' AS DateTime), 0)

-------------联合力量短信：CFG2018120100005
INSERT [cTest].[cfg_ConfigEntity] ([ConfigId], [ConfigType], [ConfigName], [ConfigDescription], [ConfigXml], [IsDeleted], [CreatedBy], [CreatedDate], [ModifiedBy], [ModifiedDate], [ConfigSign], [ConfigImgUrl], [State], [ConfigCode]) VALUES (5, 2, N'联合力量', N'联合力量', NULL, 1, N'admin@kcloudy.com', CAST(N'2015-08-13T06:56:22.347' AS DateTime), N'admin@kcloudy.com', CAST(N'2015-08-13T06:57:40.190' AS DateTime), 0, NULL, 0, N'CFG2018120100005')
INSERT [cTest].[cfg_ConfigAttribute] ([DisplayName], [Description], [ConfigId], [DataType], [Name], [Value], [Value1], [Value2], [CanEdit], [IsProviderAttr], [Index], [IsDeleted], [CreatedBy], [CreatedDate], [ModifiedBy], [ModifiedDate], [IsFileAttr]) VALUES (N'发送地址', N'发送地址，此项必须，只需要修改值', 5, 0, N'SmsUrl', N'http://211.154.142.146:8888/sms.aspx', NULL, NULL, 0, 0, 0, 0, N'admin@kcloudy.com', CAST(N'2015-08-13T06:56:22.347' AS DateTime), N'admin@kcloudy.com', CAST(N'2015-08-13T06:56:22.363' AS DateTime), 0)
INSERT [cTest].[cfg_ConfigAttribute] ([DisplayName], [Description], [ConfigId], [DataType], [Name], [Value], [Value1], [Value2], [CanEdit], [IsProviderAttr], [Index], [IsDeleted], [CreatedBy], [CreatedDate], [ModifiedBy], [ModifiedDate], [IsFileAttr]) VALUES (N'用户名', N'平台账号，此项必须，只需要修改值', 5, 0, N'UserAccount', N'tz01', NULL, NULL, 0, 0, 0, 0, N'admin@kcloudy.com', CAST(N'2015-08-13T06:56:22.347' AS DateTime), N'admin@kcloudy.com', CAST(N'2015-08-13T06:56:22.363' AS DateTime), 0)
INSERT [cTest].[cfg_ConfigAttribute] ([DisplayName], [Description], [ConfigId], [DataType], [Name], [Value], [Value1], [Value2], [CanEdit], [IsProviderAttr], [Index], [IsDeleted], [CreatedBy], [CreatedDate], [ModifiedBy], [ModifiedDate], [IsFileAttr]) VALUES (N'密码', N'平台账号密码，此项必须，只需要修改值', 5, 0, N'Password', N'cfwin123', NULL, NULL, 0, 0, 0, 0, N'admin@kcloudy.com', CAST(N'2015-08-13T06:56:22.347' AS DateTime), N'admin@kcloudy.com', CAST(N'2015-08-13T06:56:22.363' AS DateTime), 0)
INSERT [cTest].[cfg_ConfigAttribute] ([DisplayName], [Description], [ConfigId], [DataType], [Name], [Value], [Value1], [Value2], [CanEdit], [IsProviderAttr], [Index], [IsDeleted], [CreatedBy], [CreatedDate], [ModifiedBy], [ModifiedDate], [IsFileAttr]) VALUES (N'类型', N'用途：通知短信或者营销短信，如果不填，则通知短信跟营销短信都可使用。', 5, 0, N'Type', N'0', NULL, NULL, 0, 0, 0, 0, N'admin@kcloudy.com', CAST(N'2015-08-13T06:56:22.347' AS DateTime), N'admin@kcloudy.com', CAST(N'2015-08-13T06:56:22.363' AS DateTime), 0)
INSERT [cTest].[cfg_ConfigAttribute] ([DisplayName], [Description], [ConfigId], [DataType], [Name], [Value], [Value1], [Value2], [CanEdit], [IsProviderAttr], [Index], [IsDeleted], [CreatedBy], [CreatedDate], [ModifiedBy], [ModifiedDate], [IsFileAttr]) VALUES (N'平台名称', N'需要结合程序中实现的Class名称使用。', 5, 0, N'ProviderName', N'GeneralMS', NULL, NULL, 0, 0, 0, 0, N'admin@kcloudy.com', CAST(N'2015-08-13T06:56:22.347' AS DateTime), N'admin@kcloudy.com', CAST(N'2015-08-13T06:56:22.363' AS DateTime), 0)
INSERT [cTest].[cfg_ConfigAttribute] ([DisplayName], [Description], [ConfigId], [DataType], [Name], [Value], [Value1], [Value2], [CanEdit], [IsProviderAttr], [Index], [IsDeleted], [CreatedBy], [CreatedDate], [ModifiedBy], [ModifiedDate], [IsFileAttr]) VALUES (N'Signature', N'短信签名', 5, 0, N'Signature', N'【财富共赢】', NULL, NULL, 0, 0, 0, 0, N'admin@kcloudy.com', CAST(N'2015-08-13T06:56:22.347' AS DateTime), N'admin@kcloudy.com', CAST(N'2015-08-13T06:56:22.363' AS DateTime), 0)

-------------银联支付：CFG2018120100006
INSERT [cTest].[cfg_ConfigEntity] ([ConfigId], [ConfigType], [ConfigName], [ConfigDescription], [ConfigXml], [IsDeleted], [CreatedBy], [CreatedDate], [ModifiedBy], [ModifiedDate], [ConfigSign], [ConfigImgUrl], [State], [ConfigCode]) VALUES (6, 3, N'银联支付', N'支持中国境内大部分银行的借记卡级信用卡', NULL, 0, N'admin@kcloudy.com', CAST(N'2015-10-23T10:34:23.487' AS DateTime), N'admin@kcloudy.com', CAST(N'2015-11-23T08:21:54.107' AS DateTime), 0, NULL, 0, N'CFG2018120100006')
INSERT [cTest].[cfg_ConfigAttribute] ([DisplayName], [Description], [ConfigId], [DataType], [Name], [Value], [Value1], [Value2], [CanEdit], [IsProviderAttr], [Index], [IsDeleted], [CreatedBy], [CreatedDate], [ModifiedBy], [ModifiedDate], [IsFileAttr]) VALUES (N'支付方法', N'支付方法，选择支付方式时调用的方法，此项必须，只需要修改值', 6, 0, N'PaymentMethod', N'UnionpayPaymentMethod', NULL, NULL, 0, 0, 0, 0, N'admin@kcloudy.com', CAST(N'2015-11-23T08:21:53.920' AS DateTime), N'admin@kcloudy.com', CAST(N'2015-11-23T08:21:54.107' AS DateTime), 0)
INSERT [cTest].[cfg_ConfigAttribute] ([DisplayName], [Description], [ConfigId], [DataType], [Name], [Value], [Value1], [Value2], [CanEdit], [IsProviderAttr], [Index], [IsDeleted], [CreatedBy], [CreatedDate], [ModifiedBy], [ModifiedDate], [IsFileAttr]) VALUES (N'有卡交易地址', N'', 6, 0, N'CardRequestUrl', N'https://gateway.95516.com/gateway/api/cardTransReq.do', NULL, NULL, 0, 0, 0, 0, N'admin@kcloudy.com', CAST(N'2015-11-23T08:21:53.920' AS DateTime), N'admin@kcloudy.com', CAST(N'2015-11-23T08:21:54.107' AS DateTime), 0)
INSERT [cTest].[cfg_ConfigAttribute] ([DisplayName], [Description], [ConfigId], [DataType], [Name], [Value], [Value1], [Value2], [CanEdit], [IsProviderAttr], [Index], [IsDeleted], [CreatedBy], [CreatedDate], [ModifiedBy], [ModifiedDate], [IsFileAttr]) VALUES (N'app交易地址 手机控件支付使用该地址', N'', 6, 0, N'AppRequestUrl', N'https://gateway.95516.com/gateway/api/appTransReq.do', NULL, NULL, 0, 0, 0, 0, N'admin@kcloudy.com', CAST(N'2015-11-23T08:21:53.920' AS DateTime), N'admin@kcloudy.com', CAST(N'2015-11-23T08:21:54.107' AS DateTime), 0)
INSERT [cTest].[cfg_ConfigAttribute] ([DisplayName], [Description], [ConfigId], [DataType], [Name], [Value], [Value1], [Value2], [CanEdit], [IsProviderAttr], [Index], [IsDeleted], [CreatedBy], [CreatedDate], [ModifiedBy], [ModifiedDate], [IsFileAttr]) VALUES (N'前台交易地址', N'', 6, 0, N'FrontTransUrl', N'https://gateway.95516.com/gateway/api/frontTransReq.do', NULL, NULL, 0, 0, 0, 0, N'admin@kcloudy.com', CAST(N'2015-11-23T08:21:53.920' AS DateTime), N'admin@kcloudy.com', CAST(N'2015-11-23T08:21:54.107' AS DateTime), 0)
INSERT [cTest].[cfg_ConfigAttribute] ([DisplayName], [Description], [ConfigId], [DataType], [Name], [Value], [Value1], [Value2], [CanEdit], [IsProviderAttr], [Index], [IsDeleted], [CreatedBy], [CreatedDate], [ModifiedBy], [ModifiedDate], [IsFileAttr]) VALUES (N'加密公钥证书名称', N'', 6, 0, N'EncryptCertName', N'encrypt.cer', NULL, NULL, 0, 0, 0, 0, N'admin@kcloudy.com', CAST(N'2015-11-23T08:21:53.920' AS DateTime), N'admin@kcloudy.com', CAST(N'2015-11-23T08:21:54.107' AS DateTime), 0)
INSERT [cTest].[cfg_ConfigAttribute] ([DisplayName], [Description], [ConfigId], [DataType], [Name], [Value], [Value1], [Value2], [CanEdit], [IsProviderAttr], [Index], [IsDeleted], [CreatedBy], [CreatedDate], [ModifiedBy], [ModifiedDate], [IsFileAttr]) VALUES (N'后台交易地址', N'', 6, 0, N'BackTransUrl', N'https://gateway.95516.com/gateway/api/backTransReq.do', NULL, NULL, 0, 0, 0, 0, N'admin@kcloudy.com', CAST(N'2015-11-23T08:21:53.920' AS DateTime), N'admin@kcloudy.com', CAST(N'2015-11-23T08:21:54.107' AS DateTime), 0)
INSERT [cTest].[cfg_ConfigAttribute] ([DisplayName], [Description], [ConfigId], [DataType], [Name], [Value], [Value1], [Value2], [CanEdit], [IsProviderAttr], [Index], [IsDeleted], [CreatedBy], [CreatedDate], [ModifiedBy], [ModifiedDate], [IsFileAttr]) VALUES (N'交易状态查询地址', N'', 6, 0, N'SingleQueryUrl', N'https://gateway.95516.com/gateway/api/queryTrans.do', NULL, NULL, 0, 0, 0, 0, N'admin@kcloudy.com', CAST(N'2015-11-23T08:21:53.920' AS DateTime), N'admin@kcloudy.com', CAST(N'2015-11-23T08:21:54.107' AS DateTime), 0)
INSERT [cTest].[cfg_ConfigAttribute] ([DisplayName], [Description], [ConfigId], [DataType], [Name], [Value], [Value1], [Value2], [CanEdit], [IsProviderAttr], [Index], [IsDeleted], [CreatedBy], [CreatedDate], [ModifiedBy], [ModifiedDate], [IsFileAttr]) VALUES (N'文件传输类交易地址', N'', 6, 0, N'FileTransUrl', N'https://filedownload.95516.com/', NULL, NULL, 0, 0, 0, 0, N'admin@kcloudy.com', CAST(N'2015-11-23T08:21:53.920' AS DateTime), N'admin@kcloudy.com', CAST(N'2015-11-23T08:21:54.107' AS DateTime), 0)
INSERT [cTest].[cfg_ConfigAttribute] ([DisplayName], [Description], [ConfigId], [DataType], [Name], [Value], [Value1], [Value2], [CanEdit], [IsProviderAttr], [Index], [IsDeleted], [CreatedBy], [CreatedDate], [ModifiedBy], [ModifiedDate], [IsFileAttr]) VALUES (N'加密证书名称', N'', 6, 0, N'SignCertName', N'pingan_unionpay.pfx', NULL, NULL, 0, 0, 0, 0, N'admin@kcloudy.com', CAST(N'2015-11-23T08:21:53.920' AS DateTime), N'admin@kcloudy.com', CAST(N'2015-11-23T08:21:54.107' AS DateTime), 0)
INSERT [cTest].[cfg_ConfigAttribute] ([DisplayName], [Description], [ConfigId], [DataType], [Name], [Value], [Value1], [Value2], [CanEdit], [IsProviderAttr], [Index], [IsDeleted], [CreatedBy], [CreatedDate], [ModifiedBy], [ModifiedDate], [IsFileAttr]) VALUES (N'签名证书密码', N'', 6, 0, N'SignCertPwd', N'654321', NULL, NULL, 0, 0, 0, 0, N'admin@kcloudy.com', CAST(N'2015-11-23T08:21:53.920' AS DateTime), N'admin@kcloudy.com', CAST(N'2015-11-23T08:21:54.107' AS DateTime), 0)
INSERT [cTest].[cfg_ConfigAttribute] ([DisplayName], [Description], [ConfigId], [DataType], [Name], [Value], [Value1], [Value2], [CanEdit], [IsProviderAttr], [Index], [IsDeleted], [CreatedBy], [CreatedDate], [ModifiedBy], [ModifiedDate], [IsFileAttr]) VALUES (N'批量交易地址', N'', 6, 0, N'BatTransUrl', N'https://gateway.95516.com/gateway/api/batchTrans.do', NULL, NULL, 0, 0, 0, 0, N'admin@kcloudy.com', CAST(N'2015-11-23T08:21:53.920' AS DateTime), N'admin@kcloudy.com', CAST(N'2015-11-23T08:21:54.107' AS DateTime), 0)
INSERT [cTest].[cfg_ConfigAttribute] ([DisplayName], [Description], [ConfigId], [DataType], [Name], [Value], [Value1], [Value2], [CanEdit], [IsProviderAttr], [Index], [IsDeleted], [CreatedBy], [CreatedDate], [ModifiedBy], [ModifiedDate], [IsFileAttr]) VALUES (N'版本号', N'', 6, 0, N'version', N'5.0.0', NULL, NULL, 0, 0, 0, 0, N'admin@kcloudy.com', CAST(N'2015-11-23T08:21:53.920' AS DateTime), N'admin@kcloudy.com', CAST(N'2015-11-23T08:21:54.107' AS DateTime), 0)
INSERT [cTest].[cfg_ConfigAttribute] ([DisplayName], [Description], [ConfigId], [DataType], [Name], [Value], [Value1], [Value2], [CanEdit], [IsProviderAttr], [Index], [IsDeleted], [CreatedBy], [CreatedDate], [ModifiedBy], [ModifiedDate], [IsFileAttr]) VALUES (N'编码方式', N'', 6, 0, N'encoding', N'UTF-8', NULL, NULL, 0, 0, 0, 0, N'admin@kcloudy.com', CAST(N'2015-11-23T08:21:53.920' AS DateTime), N'admin@kcloudy.com', CAST(N'2015-11-23T08:21:54.107' AS DateTime), 0)
INSERT [cTest].[cfg_ConfigAttribute] ([DisplayName], [Description], [ConfigId], [DataType], [Name], [Value], [Value1], [Value2], [CanEdit], [IsProviderAttr], [Index], [IsDeleted], [CreatedBy], [CreatedDate], [ModifiedBy], [ModifiedDate], [IsFileAttr]) VALUES (N'交易类型', N'', 6, 0, N'txnType', N'01', NULL, NULL, 0, 0, 0, 0, N'admin@kcloudy.com', CAST(N'2015-11-23T08:21:53.920' AS DateTime), N'admin@kcloudy.com', CAST(N'2015-11-23T08:21:54.107' AS DateTime), 0)
INSERT [cTest].[cfg_ConfigAttribute] ([DisplayName], [Description], [ConfigId], [DataType], [Name], [Value], [Value1], [Value2], [CanEdit], [IsProviderAttr], [Index], [IsDeleted], [CreatedBy], [CreatedDate], [ModifiedBy], [ModifiedDate], [IsFileAttr]) VALUES (N'交易子类', N'', 6, 0, N'txnSubType', N'01', NULL, NULL, 0, 0, 0, 0, N'admin@kcloudy.com', CAST(N'2015-11-23T08:21:53.920' AS DateTime), N'admin@kcloudy.com', CAST(N'2015-11-23T08:21:54.107' AS DateTime), 0)
INSERT [cTest].[cfg_ConfigAttribute] ([DisplayName], [Description], [ConfigId], [DataType], [Name], [Value], [Value1], [Value2], [CanEdit], [IsProviderAttr], [Index], [IsDeleted], [CreatedBy], [CreatedDate], [ModifiedBy], [ModifiedDate], [IsFileAttr]) VALUES (N'业务类型', N'', 6, 0, N'bizType', N'000202', NULL, NULL, 0, 0, 0, 0, N'admin@kcloudy.com', CAST(N'2015-11-23T08:21:53.920' AS DateTime), N'admin@kcloudy.com', CAST(N'2015-11-23T08:21:54.107' AS DateTime), 0)
INSERT [cTest].[cfg_ConfigAttribute] ([DisplayName], [Description], [ConfigId], [DataType], [Name], [Value], [Value1], [Value2], [CanEdit], [IsProviderAttr], [Index], [IsDeleted], [CreatedBy], [CreatedDate], [ModifiedBy], [ModifiedDate], [IsFileAttr]) VALUES (N'前台通知地址', N'', 6, 0, N'frontUrl', N'http://www.cfwin.com/OnlinePayment/UnionpayPaymentFrontUrl', NULL, NULL, 0, 0, 0, 0, N'admin@kcloudy.com', CAST(N'2015-11-23T08:21:53.920' AS DateTime), N'admin@kcloudy.com', CAST(N'2015-11-23T08:21:54.107' AS DateTime), 0)
INSERT [cTest].[cfg_ConfigAttribute] ([DisplayName], [Description], [ConfigId], [DataType], [Name], [Value], [Value1], [Value2], [CanEdit], [IsProviderAttr], [Index], [IsDeleted], [CreatedBy], [CreatedDate], [ModifiedBy], [ModifiedDate], [IsFileAttr]) VALUES (N'后台通知地址，改自己的外网地址', N'', 6, 0, N'backUrl', N'http://www.cfwin.com/OnlinePayment/UnionpayPaymentBackUrl', NULL, NULL, 0, 0, 0, 0, N'admin@kcloudy.com', CAST(N'2015-11-23T08:21:53.920' AS DateTime), N'admin@kcloudy.com', CAST(N'2015-11-23T08:21:54.107' AS DateTime), 0)
INSERT [cTest].[cfg_ConfigAttribute] ([DisplayName], [Description], [ConfigId], [DataType], [Name], [Value], [Value1], [Value2], [CanEdit], [IsProviderAttr], [Index], [IsDeleted], [CreatedBy], [CreatedDate], [ModifiedBy], [ModifiedDate], [IsFileAttr]) VALUES (N'签名方法', N'', 6, 0, N'signMethod', N'01', NULL, NULL, 0, 0, 0, 0, N'admin@kcloudy.com', CAST(N'2015-11-23T08:21:53.920' AS DateTime), N'admin@kcloudy.com', CAST(N'2015-11-23T08:21:54.107' AS DateTime), 0)
INSERT [cTest].[cfg_ConfigAttribute] ([DisplayName], [Description], [ConfigId], [DataType], [Name], [Value], [Value1], [Value2], [CanEdit], [IsProviderAttr], [Index], [IsDeleted], [CreatedBy], [CreatedDate], [ModifiedBy], [ModifiedDate], [IsFileAttr]) VALUES (N'渠道类型，07-PC，08-手机', N'', 6, 0, N'channelType', N'07', NULL, NULL, 0, 0, 0, 0, N'admin@kcloudy.com', CAST(N'2015-11-23T08:21:53.920' AS DateTime), N'admin@kcloudy.com', CAST(N'2015-11-23T08:21:54.107' AS DateTime), 0)
INSERT [cTest].[cfg_ConfigAttribute] ([DisplayName], [Description], [ConfigId], [DataType], [Name], [Value], [Value1], [Value2], [CanEdit], [IsProviderAttr], [Index], [IsDeleted], [CreatedBy], [CreatedDate], [ModifiedBy], [ModifiedDate], [IsFileAttr]) VALUES (N'接入类型', N'', 6, 0, N'accessType', N'0', NULL, NULL, 0, 0, 0, 0, N'admin@kcloudy.com', CAST(N'2015-11-23T08:21:53.920' AS DateTime), N'admin@kcloudy.com', CAST(N'2015-11-23T08:21:54.107' AS DateTime), 0)
INSERT [cTest].[cfg_ConfigAttribute] ([DisplayName], [Description], [ConfigId], [DataType], [Name], [Value], [Value1], [Value2], [CanEdit], [IsProviderAttr], [Index], [IsDeleted], [CreatedBy], [CreatedDate], [ModifiedBy], [ModifiedDate], [IsFileAttr]) VALUES (N'商户号', N'', 6, 0, N'merId', N'307440349000002', NULL, NULL, 0, 0, 0, 0, N'admin@kcloudy.com', CAST(N'2015-11-23T08:21:53.920' AS DateTime), N'admin@kcloudy.com', CAST(N'2015-11-23T08:21:54.107' AS DateTime), 0)
INSERT [cTest].[cfg_ConfigAttribute] ([DisplayName], [Description], [ConfigId], [DataType], [Name], [Value], [Value1], [Value2], [CanEdit], [IsProviderAttr], [Index], [IsDeleted], [CreatedBy], [CreatedDate], [ModifiedBy], [ModifiedDate], [IsFileAttr]) VALUES (N'交易币种', N'', 6, 0, N'currencyCode', N'156', NULL, NULL, 0, 0, 0, 0, N'admin@kcloudy.com', CAST(N'2015-11-23T08:21:53.920' AS DateTime), N'admin@kcloudy.com', CAST(N'2015-11-23T08:21:54.107' AS DateTime), 0)

-------------满正身份认证：CFG2018120100007
INSERT [cTest].[cfg_ConfigEntity] ([ConfigId], [ConfigType], [ConfigName], [ConfigDescription], [ConfigXml], [IsDeleted], [CreatedBy], [CreatedDate], [ModifiedBy], [ModifiedDate], [ConfigSign], [ConfigImgUrl], [State], [ConfigCode]) VALUES (7, 4, N'满正', N'满正身份认证', NULL, 0, N'admin@kcloudy.com', CAST(N'2015-12-03T08:06:04.217' AS DateTime), N'admin@kcloudy.com', CAST(N'2015-12-03T08:06:04.233' AS DateTime), 0, NULL, 1, N'CFG2018120100007')
INSERT [cTest].[cfg_ConfigAttribute] ([DisplayName], [Description], [ConfigId], [DataType], [Name], [Value], [Value1], [Value2], [CanEdit], [IsProviderAttr], [Index], [IsDeleted], [CreatedBy], [CreatedDate], [ModifiedBy], [ModifiedDate], [IsFileAttr]) VALUES (N'ID5方法', N'ID5方法，选择ID5时调用的方法，此项必须，只需要修改值', 7, 0, N'Id5Method', N'ManZheng', NULL, NULL, 0, 0, 0, 0, N'admin@kcloudy.com', CAST(N'2015-12-03T08:06:04.217' AS DateTime), N'admin@kcloudy.com', CAST(N'2015-12-03T08:06:04.233' AS DateTime), 0)
INSERT [cTest].[cfg_ConfigAttribute] ([DisplayName], [Description], [ConfigId], [DataType], [Name], [Value], [Value1], [Value2], [CanEdit], [IsProviderAttr], [Index], [IsDeleted], [CreatedBy], [CreatedDate], [ModifiedBy], [ModifiedDate], [IsFileAttr]) VALUES (N'提交地址', N'提交地址', 7, 0, N'PostUrl', N'http://121.40.136.150:8080/IdInDataAu/api/authenInfoApi.htm', NULL, NULL, 0, 0, 0, 0, N'admin@kcloudy.com', CAST(N'2015-12-03T08:06:04.217' AS DateTime), N'admin@kcloudy.com', CAST(N'2015-12-03T08:06:04.233' AS DateTime), 0)
INSERT [cTest].[cfg_ConfigAttribute] ([DisplayName], [Description], [ConfigId], [DataType], [Name], [Value], [Value1], [Value2], [CanEdit], [IsProviderAttr], [Index], [IsDeleted], [CreatedBy], [CreatedDate], [ModifiedBy], [ModifiedDate], [IsFileAttr]) VALUES (N'合作商编号', N'合作商编号', 7, 0, N'UserId', N'100250', NULL, NULL, 0, 0, 0, 0, N'admin@kcloudy.com', CAST(N'2015-12-03T08:06:04.217' AS DateTime), N'admin@kcloudy.com', CAST(N'2015-12-03T08:06:04.233' AS DateTime), 0)
INSERT [cTest].[cfg_ConfigAttribute] ([DisplayName], [Description], [ConfigId], [DataType], [Name], [Value], [Value1], [Value2], [CanEdit], [IsProviderAttr], [Index], [IsDeleted], [CreatedBy], [CreatedDate], [ModifiedBy], [ModifiedDate], [IsFileAttr]) VALUES (N'md5Key', N'md5Key', 7, 0, N'Md5Key', N'351J1R79Cx91v5Nv7uKQ35u1175laDOR', NULL, NULL, 0, 0, 0, 0, N'admin@kcloudy.com', CAST(N'2015-12-03T08:06:04.217' AS DateTime), N'admin@kcloudy.com', CAST(N'2015-12-03T08:06:04.233' AS DateTime), 0)
INSERT [cTest].[cfg_ConfigAttribute] ([DisplayName], [Description], [ConfigId], [DataType], [Name], [Value], [Value1], [Value2], [CanEdit], [IsProviderAttr], [Index], [IsDeleted], [CreatedBy], [CreatedDate], [ModifiedBy], [ModifiedDate], [IsFileAttr]) VALUES (N'desKey', N'desKey', 7, 0, N'DesKey', N'y9rg9Q3vh51DLdL5553P7zo35r717RXn', NULL, NULL, 0, 0, 0, 0, N'admin@kcloudy.com', CAST(N'2015-12-03T08:06:04.217' AS DateTime), N'admin@kcloudy.com', CAST(N'2015-12-03T08:06:04.233' AS DateTime), 0)

-------------Sfxxrz身份认证参数：CFG2018120100008
INSERT [cTest].[cfg_ConfigEntity] ([ConfigId], [ConfigType], [ConfigName], [ConfigDescription], [ConfigXml], [IsDeleted], [CreatedBy], [CreatedDate], [ModifiedBy], [ModifiedDate], [ConfigSign], [ConfigImgUrl], [State], [ConfigCode]) VALUES (8, 4, N'Sfxxrz参数', N'Sfxxrz参数', NULL, 1, N'admin@kcloudy.com', CAST(N'2015-12-03T08:07:51.817' AS DateTime), N'admin@kcloudy.com', CAST(N'2015-12-03T08:07:57.163' AS DateTime), 0, NULL, 0, N'CFG2018120100008')
INSERT [cTest].[cfg_ConfigAttribute] ([DisplayName], [Description], [ConfigId], [DataType], [Name], [Value], [Value1], [Value2], [CanEdit], [IsProviderAttr], [Index], [IsDeleted], [CreatedBy], [CreatedDate], [ModifiedBy], [ModifiedDate], [IsFileAttr]) VALUES (N'ID5方法', N'ID5方法，选择ID5时调用的方法，此项必须，只需要修改值', 8, 0, N'Id5Method', N'Sfxxrz', NULL, NULL, 0, 0, 0, 0, N'admin@kcloudy.com', CAST(N'2015-12-03T08:07:51.817' AS DateTime), N'admin@kcloudy.com', CAST(N'2015-12-03T08:07:51.817' AS DateTime), 0)

-------------Outlook邮件服务：CFG2018120100009
INSERT [cTest].[cfg_ConfigEntity] ([ConfigId], [ConfigType], [ConfigName], [ConfigDescription], [ConfigXml], [IsDeleted], [CreatedBy], [CreatedDate], [ModifiedBy], [ModifiedDate], [ConfigSign], [ConfigImgUrl], [State], [ConfigCode]) VALUES (9, 1, N'邮件服务', N'Outlook邮件服务', NULL, 0, N'admin@kcloudy.com', CAST(N'2015-12-03T08:07:51.817' AS DateTime), N'admin@kcloudy.com', CAST(N'2015-12-03T08:07:57.163' AS DateTime), 0, NULL, 1, N'CFG2018120100009')
INSERT [cTest].[cfg_ConfigAttribute] ([DisplayName], [Description], [ConfigId], [DataType], [Name], [Value], [Value1], [Value2], [CanEdit], [IsProviderAttr], [Index], [IsDeleted], [CreatedBy], [CreatedDate], [ModifiedBy], [ModifiedDate], [IsFileAttr]) VALUES (N'Smtp服务器地址', N'', 9, 0, N'Server', N'smtp.office365.com', NULL, NULL, 0, 0, 0, 0, N'admin@kcloudy.com', CAST(N'2015-06-09T06:41:00.587' AS DateTime), N'admin@kcloudy.com', CAST(N'2015-06-09T06:41:00.637' AS DateTime), 0)
INSERT [cTest].[cfg_ConfigAttribute] ([DisplayName], [Description], [ConfigId], [DataType], [Name], [Value], [Value1], [Value2], [CanEdit], [IsProviderAttr], [Index], [IsDeleted], [CreatedBy], [CreatedDate], [ModifiedBy], [ModifiedDate], [IsFileAttr]) VALUES (N'端口号', N'', 9, 2, N'Port', N'587', NULL, NULL, 0, 0, 0, 0, N'admin@kcloudy.com', CAST(N'2015-06-09T06:41:00.587' AS DateTime), N'admin@kcloudy.com', CAST(N'2015-06-09T06:41:00.637' AS DateTime), 0)
INSERT [cTest].[cfg_ConfigAttribute] ([DisplayName], [Description], [ConfigId], [DataType], [Name], [Value], [Value1], [Value2], [CanEdit], [IsProviderAttr], [Index], [IsDeleted], [CreatedBy], [CreatedDate], [ModifiedBy], [ModifiedDate], [IsFileAttr]) VALUES (N'用户名', N'', 9, 0, N'Account', N'kcloudy-union@outlook.com', NULL, NULL, 0, 0, 0, 0, N'admin@kcloudy.com', CAST(N'2015-06-09T06:41:00.587' AS DateTime), N'admin@kcloudy.com', CAST(N'2015-06-09T06:41:00.637' AS DateTime), 0)
INSERT [cTest].[cfg_ConfigAttribute] ([DisplayName], [Description], [ConfigId], [DataType], [Name], [Value], [Value1], [Value2], [CanEdit], [IsProviderAttr], [Index], [IsDeleted], [CreatedBy], [CreatedDate], [ModifiedBy], [ModifiedDate], [IsFileAttr]) VALUES (N'用户密码', N'', 9, 0, N'Password', N'K.o7a@bj', NULL, NULL, 0, 0, 0, 0, N'admin@kcloudy.com', CAST(N'2015-06-09T06:41:00.587' AS DateTime), N'admin@kcloudy.com', CAST(N'2015-06-09T06:41:00.637' AS DateTime), 0)
INSERT [cTest].[cfg_ConfigAttribute] ([DisplayName], [Description], [ConfigId], [DataType], [Name], [Value], [Value1], [Value2], [CanEdit], [IsProviderAttr], [Index], [IsDeleted], [CreatedBy], [CreatedDate], [ModifiedBy], [ModifiedDate], [IsFileAttr]) VALUES (N'是否使用SSL', N'', 9, 1, N'EnableSsl', N'true', NULL, NULL, 0, 0, 0, 0, N'admin@kcloudy.com', CAST(N'2015-06-09T06:41:00.587' AS DateTime), N'admin@kcloudy.com', CAST(N'2015-06-09T06:41:00.637' AS DateTime), 0)
INSERT [cTest].[cfg_ConfigAttribute] ([DisplayName], [Description], [ConfigId], [DataType], [Name], [Value], [Value1], [Value2], [CanEdit], [IsProviderAttr], [Index], [IsDeleted], [CreatedBy], [CreatedDate], [ModifiedBy], [ModifiedDate], [IsFileAttr]) VALUES (N'是否检查密码', N'', 9, 1, N'EnablePwdCheck', N'true', NULL, NULL, 0, 0, 0, 0, N'admin@kcloudy.com', CAST(N'2015-06-09T06:41:00.587' AS DateTime), N'admin@kcloudy.com', CAST(N'2015-06-09T06:41:00.637' AS DateTime), 0)
INSERT [cTest].[cfg_ConfigAttribute] ([DisplayName], [Description], [ConfigId], [DataType], [Name], [Value], [Value1], [Value2], [CanEdit], [IsProviderAttr], [Index], [IsDeleted], [CreatedBy], [CreatedDate], [ModifiedBy], [ModifiedDate], [IsFileAttr]) VALUES (N'是否启用配置', N'为true时，使用配置的邮件服务器，为false时（测试环境），发送至测试邮箱（TestInBoxs）', 9, 1, N'EnableMail', N'true', NULL, NULL, 0, 0, 0, 0, N'admin@kcloudy.com', CAST(N'2015-06-09T06:41:00.587' AS DateTime), N'admin@kcloudy.com', CAST(N'2015-06-09T06:41:00.637' AS DateTime), 0)
INSERT [cTest].[cfg_ConfigAttribute] ([DisplayName], [Description], [ConfigId], [DataType], [Name], [Value], [Value1], [Value2], [CanEdit], [IsProviderAttr], [Index], [IsDeleted], [CreatedBy], [CreatedDate], [ModifiedBy], [ModifiedDate], [IsFileAttr]) VALUES (N'邮件确认链接有效时间', N'电子邮件确认链接有效时间(分钟)', 9, 1, N'EffectiveMinuteCount', N'30', NULL, NULL, 0, 0, 0, 0, N'admin@kcloudy.com', CAST(N'2015-06-09T06:41:00.587' AS DateTime), N'admin@kcloudy.com', CAST(N'2015-06-09T06:41:00.637' AS DateTime), 0)
INSERT [cTest].[cfg_ConfigAttribute] ([DisplayName], [Description], [ConfigId], [DataType], [Name], [Value], [Value1], [Value2], [CanEdit], [IsProviderAttr], [Index], [IsDeleted], [CreatedBy], [CreatedDate], [ModifiedBy], [ModifiedDate], [IsFileAttr]) VALUES (N'签名设置', N'企业签名设置', 9, 1, N'CompanySign', N'true', NULL, NULL, 0, 0, 0, 0, N'admin@kcloudy.com', CAST(N'2015-06-09T06:41:00.587' AS DateTime), N'admin@kcloudy.com', CAST(N'2015-06-09T06:41:00.637' AS DateTime), 0)

-------------华为电信能力开发：CFG2018120100010
INSERT [cTest].[cfg_ConfigEntity] ([ConfigId], [ConfigType], [ConfigName], [ConfigDescription], [ConfigXml], [IsDeleted], [CreatedBy], [CreatedDate], [ModifiedBy], [ModifiedDate], [ConfigSign], [ConfigImgUrl], [State], [ConfigCode]) VALUES (10, 2, N'华为电信能力开发', N'华为电信能力开发', NULL, 0, N'admin@kcloudy.com', CAST(N'2015-12-03T08:07:51.817' AS DateTime), N'admin@kcloudy.com', CAST(N'2015-12-03T08:07:57.163' AS DateTime), 0, NULL, 0, N'CFG2018120100010')
INSERT [cTest].[cfg_ConfigAttribute] ([DisplayName], [Description], [ConfigId], [DataType], [Name], [Value], [Value1], [Value2], [CanEdit], [IsProviderAttr], [Index], [IsDeleted], [CreatedBy], [CreatedDate], [ModifiedBy], [ModifiedDate], [IsFileAttr]) VALUES (N'发送地址', N'发送地址，此项必须，只需要修改值', 10, 0, N'SmsUrl', N'http://open.fjii.com:8088/httpIntf/dealIntf', NULL, NULL, 0, 0, 0, 0, N'admin@kcloudy.com', CAST(N'2015-12-03T08:07:51.817' AS DateTime), N'admin@kcloudy.com', CAST(N'2015-12-03T08:07:51.817' AS DateTime), 0)
INSERT [cTest].[cfg_ConfigAttribute] ([DisplayName], [Description], [ConfigId], [DataType], [Name], [Value], [Value1], [Value2], [CanEdit], [IsProviderAttr], [Index], [IsDeleted], [CreatedBy], [CreatedDate], [ModifiedBy], [ModifiedDate], [IsFileAttr]) VALUES (N'用户名', N'平台账号，此项必须，只需要修改值', 10, 0, N'UserAccount', N'1', NULL, NULL, 0, 0, 0, 0, N'admin@kcloudy.com', CAST(N'2015-12-03T08:07:51.817' AS DateTime), N'admin@kcloudy.com', CAST(N'2015-12-03T08:07:51.817' AS DateTime), 0)
INSERT [cTest].[cfg_ConfigAttribute] ([DisplayName], [Description], [ConfigId], [DataType], [Name], [Value], [Value1], [Value2], [CanEdit], [IsProviderAttr], [Index], [IsDeleted], [CreatedBy], [CreatedDate], [ModifiedBy], [ModifiedDate], [IsFileAttr]) VALUES (N'密码', N'平台账号密码，此项必须，只需要修改值', 10, 0, N'Password', N'1', NULL, NULL, 0, 0, 0, 0, N'admin@kcloudy.com', CAST(N'2015-12-03T08:07:51.817' AS DateTime), N'admin@kcloudy.com', CAST(N'2015-12-03T08:07:51.817' AS DateTime), 0)
INSERT [cTest].[cfg_ConfigAttribute] ([DisplayName], [Description], [ConfigId], [DataType], [Name], [Value], [Value1], [Value2], [CanEdit], [IsProviderAttr], [Index], [IsDeleted], [CreatedBy], [CreatedDate], [ModifiedBy], [ModifiedDate], [IsFileAttr]) VALUES (N'类型', N'用途：通知短信或者营销短信，如果不填，则通知短信跟营销短信都可使用。', 10, 0, N'Type', N'2', NULL, NULL, 0, 0, 0, 0, N'admin@kcloudy.com', CAST(N'2015-12-03T08:07:51.817' AS DateTime), N'admin@kcloudy.com', CAST(N'2015-12-03T08:07:51.817' AS DateTime), 0)
INSERT [cTest].[cfg_ConfigAttribute] ([DisplayName], [Description], [ConfigId], [DataType], [Name], [Value], [Value1], [Value2], [CanEdit], [IsProviderAttr], [Index], [IsDeleted], [CreatedBy], [CreatedDate], [ModifiedBy], [ModifiedDate], [IsFileAttr]) VALUES (N'平台名称', N'需要结合程序中实现的Class名称使用。', 10, 0, N'ProviderName', N'DXNLKF', NULL, NULL, 0, 0, 0, 0, N'admin@kcloudy.com', CAST(N'2015-12-03T08:07:51.817' AS DateTime), N'admin@kcloudy.com', CAST(N'2015-12-03T08:07:51.817' AS DateTime), 0)
INSERT [cTest].[cfg_ConfigAttribute] ([DisplayName], [Description], [ConfigId], [DataType], [Name], [Value], [Value1], [Value2], [CanEdit], [IsProviderAttr], [Index], [IsDeleted], [CreatedBy], [CreatedDate], [ModifiedBy], [ModifiedDate], [IsFileAttr]) VALUES (N'Spid', N'', 10, 0, N'Spid', N'094305', NULL, NULL, 0, 0, 0, 0, N'admin@kcloudy.com', CAST(N'2015-12-03T08:07:51.817' AS DateTime), N'admin@kcloudy.com', CAST(N'2015-12-03T08:07:51.817' AS DateTime), 0)
INSERT [cTest].[cfg_ConfigAttribute] ([DisplayName], [Description], [ConfigId], [DataType], [Name], [Value], [Value1], [Value2], [CanEdit], [IsProviderAttr], [Index], [IsDeleted], [CreatedBy], [CreatedDate], [ModifiedBy], [ModifiedDate], [IsFileAttr]) VALUES (N'Appid', N'', 10, 0, N'Appid', N'803', NULL, NULL, 0, 0, 0, 0, N'admin@kcloudy.com', CAST(N'2015-12-03T08:07:51.817' AS DateTime), N'admin@kcloudy.com', CAST(N'2015-12-03T08:07:51.817' AS DateTime), 0)
INSERT [cTest].[cfg_ConfigAttribute] ([DisplayName], [Description], [ConfigId], [DataType], [Name], [Value], [Value1], [Value2], [CanEdit], [IsProviderAttr], [Index], [IsDeleted], [CreatedBy], [CreatedDate], [ModifiedBy], [ModifiedDate], [IsFileAttr]) VALUES (N'Passwd', N'', 10, 0, N'Passwd', N'cfwin..123', NULL, NULL, 0, 0, 0, 0, N'admin@kcloudy.com', CAST(N'2015-12-03T08:07:51.817' AS DateTime), N'admin@kcloudy.com', CAST(N'2015-12-03T08:07:51.817' AS DateTime), 0)
INSERT [cTest].[cfg_ConfigAttribute] ([DisplayName], [Description], [ConfigId], [DataType], [Name], [Value], [Value1], [Value2], [CanEdit], [IsProviderAttr], [Index], [IsDeleted], [CreatedBy], [CreatedDate], [ModifiedBy], [ModifiedDate], [IsFileAttr]) VALUES (N'Key', N'', 10, 0, N'Key', N'02058426', NULL, NULL, 0, 0, 0, 0, N'admin@kcloudy.com', CAST(N'2015-12-03T08:07:51.817' AS DateTime), N'admin@kcloudy.com', CAST(N'2015-12-03T08:07:51.817' AS DateTime), 0)
INSERT [cTest].[cfg_ConfigAttribute] ([DisplayName], [Description], [ConfigId], [DataType], [Name], [Value], [Value1], [Value2], [CanEdit], [IsProviderAttr], [Index], [IsDeleted], [CreatedBy], [CreatedDate], [ModifiedBy], [ModifiedDate], [IsFileAttr]) VALUES (N'ChargeNbr', N'', 10, 0, N'ChargeNbr', N'8659522947589', NULL, NULL, 0, 0, 0, 0, N'admin@kcloudy.com', CAST(N'2015-12-03T08:07:51.817' AS DateTime), N'admin@kcloudy.com', CAST(N'2015-12-03T08:07:51.817' AS DateTime), 0)
INSERT [cTest].[cfg_ConfigAttribute] ([DisplayName], [Description], [ConfigId], [DataType], [Name], [Value], [Value1], [Value2], [CanEdit], [IsProviderAttr], [Index], [IsDeleted], [CreatedBy], [CreatedDate], [ModifiedBy], [ModifiedDate], [IsFileAttr]) VALUES (N'TempletId', N'', 10, 0, N'TempletId', N'10000', NULL, NULL, 0, 0, 0, 0, N'admin@kcloudy.com', CAST(N'2015-12-03T08:07:51.817' AS DateTime), N'admin@kcloudy.com', CAST(N'2015-12-03T08:07:51.817' AS DateTime), 0)
INSERT [cTest].[cfg_ConfigAttribute] ([DisplayName], [Description], [ConfigId], [DataType], [Name], [Value], [Value1], [Value2], [CanEdit], [IsProviderAttr], [Index], [IsDeleted], [CreatedBy], [CreatedDate], [ModifiedBy], [ModifiedDate], [IsFileAttr]) VALUES (N'DisplayNbr', N'', 10, 0, N'DisplayNbr', N'075582680051', NULL, NULL, 0, 0, 0, 0, N'admin@kcloudy.com', CAST(N'2015-12-03T08:07:51.817' AS DateTime), N'admin@kcloudy.com', CAST(N'2015-12-03T08:07:51.817' AS DateTime), 0)
INSERT [cTest].[cfg_ConfigAttribute] ([DisplayName], [Description], [ConfigId], [DataType], [Name], [Value], [Value1], [Value2], [CanEdit], [IsProviderAttr], [Index], [IsDeleted], [CreatedBy], [CreatedDate], [ModifiedBy], [ModifiedDate], [IsFileAttr]) VALUES (N'MethodName', N'', 10, 0, N'MethodName', N'VoiceCaptcha', NULL, NULL, 0, 0, 0, 0, N'admin@kcloudy.com', CAST(N'2015-12-03T08:07:51.817' AS DateTime), N'admin@kcloudy.com', CAST(N'2015-12-03T08:07:51.817' AS DateTime), 0)
INSERT [cTest].[cfg_ConfigAttribute] ([DisplayName], [Description], [ConfigId], [DataType], [Name], [Value], [Value1], [Value2], [CanEdit], [IsProviderAttr], [Index], [IsDeleted], [CreatedBy], [CreatedDate], [ModifiedBy], [ModifiedDate], [IsFileAttr]) VALUES (N'vReplay', N'', 10, 0, N'vReplay', N'1', NULL, NULL, 0, 0, 0, 0, N'admin@kcloudy.com', CAST(N'2015-12-03T08:07:51.817' AS DateTime), N'admin@kcloudy.com', CAST(N'2015-12-03T08:07:51.817' AS DateTime), 0)
INSERT [cTest].[cfg_ConfigAttribute] ([DisplayName], [Description], [ConfigId], [DataType], [Name], [Value], [Value1], [Value2], [CanEdit], [IsProviderAttr], [Index], [IsDeleted], [CreatedBy], [CreatedDate], [ModifiedBy], [ModifiedDate], [IsFileAttr]) VALUES (N'ReplayTTS', N'', 10, 0, N'ReplayTTS', N'1', NULL, NULL, 0, 0, 0, 0, N'admin@kcloudy.com', CAST(N'2015-12-03T08:07:51.817' AS DateTime), N'admin@kcloudy.com', CAST(N'2015-12-03T08:07:51.817' AS DateTime), 0)
INSERT [cTest].[cfg_ConfigAttribute] ([DisplayName], [Description], [ConfigId], [DataType], [Name], [Value], [Value1], [Value2], [CanEdit], [IsProviderAttr], [Index], [IsDeleted], [CreatedBy], [CreatedDate], [ModifiedBy], [ModifiedDate], [IsFileAttr]) VALUES (N'ReplayTimes', N'', 10, 0, N'ReplayTimes', N'3', NULL, NULL, 0, 0, 0, 0, N'admin@kcloudy.com', CAST(N'2015-12-03T08:07:51.817' AS DateTime), N'admin@kcloudy.com', CAST(N'2015-12-03T08:07:51.817' AS DateTime), 0)
INSERT [cTest].[cfg_ConfigAttribute] ([DisplayName], [Description], [ConfigId], [DataType], [Name], [Value], [Value1], [Value2], [CanEdit], [IsProviderAttr], [Index], [IsDeleted], [CreatedBy], [CreatedDate], [ModifiedBy], [ModifiedDate], [IsFileAttr]) VALUES (N'Value2', N'', 10, 0, N'Value2', N'5', NULL, NULL, 0, 0, 0, 0, N'admin@kcloudy.com', CAST(N'2015-12-03T08:07:51.817' AS DateTime), N'admin@kcloudy.com', CAST(N'2015-12-03T08:07:51.817' AS DateTime), 0)

-------------深海捷呼叫中心：CFG2018120100011
INSERT [cTest].[cfg_ConfigEntity] ([ConfigId], [ConfigType], [ConfigName], [ConfigDescription], [ConfigXml], [IsDeleted], [CreatedBy], [CreatedDate], [ModifiedBy], [ModifiedDate], [ConfigSign], [ConfigImgUrl], [State], [ConfigCode]) VALUES (11, 5, N'深海捷呼叫中心', N'深海捷呼叫中心', NULL, 0, N'admin@kcloudy.com', CAST(N'2015-12-03T08:07:51.817' AS DateTime), N'admin@kcloudy.com', CAST(N'2015-12-03T08:07:57.163' AS DateTime), 0, NULL, 0, N'CFG2018120100011')
INSERT [cTest].[cfg_ConfigAttribute] ([DisplayName], [Description], [ConfigId], [DataType], [Name], [Value], [Value1], [Value2], [CanEdit], [IsProviderAttr], [Index], [IsDeleted], [CreatedBy], [CreatedDate], [ModifiedBy], [ModifiedDate], [IsFileAttr]) VALUES (N'平台名称', N'需要结合程序中实现的Class名称使用。', 11, 0, N'ProviderName', N'SHJ', NULL, NULL, 0, 0, 0, 0, N'admin@kcloudy.com', CAST(N'2015-08-05T11:17:21.273' AS DateTime), N'admin@kcloudy.com', CAST(N'2015-08-05T11:17:21.473' AS DateTime), 0)
INSERT [cTest].[cfg_ConfigAttribute] ([DisplayName], [Description], [ConfigId], [DataType], [Name], [Value], [Value1], [Value2], [CanEdit], [IsProviderAttr], [Index], [IsDeleted], [CreatedBy], [CreatedDate], [ModifiedBy], [ModifiedDate], [IsFileAttr]) VALUES (N'发送地址', N'发送地址，此项必须，只需要修改值', 11, 0, N'SmsUrl', N'http://www.mixcall.cn/', NULL, NULL, 0, 0, 0, 0, N'admin@kcloudy.com', CAST(N'2015-08-05T11:17:21.273' AS DateTime), N'admin@kcloudy.com', CAST(N'2015-08-05T11:17:21.473' AS DateTime), 0)
INSERT [cTest].[cfg_ConfigAttribute] ([DisplayName], [Description], [ConfigId], [DataType], [Name], [Value], [Value1], [Value2], [CanEdit], [IsProviderAttr], [Index], [IsDeleted], [CreatedBy], [CreatedDate], [ModifiedBy], [ModifiedDate], [IsFileAttr]) VALUES (N'Value1', N'语音文件下载地址，此项必须，只需要修改值', 11, 0, N'Value1', N'/var/spool/asterisk/monitor/', NULL, NULL, 0, 0, 0, 0, N'admin@kcloudy.com', CAST(N'2015-08-05T11:17:21.273' AS DateTime), N'admin@kcloudy.com', CAST(N'2015-08-05T11:17:21.473' AS DateTime), 0)
INSERT [cTest].[cfg_ConfigAttribute] ([DisplayName], [Description], [ConfigId], [DataType], [Name], [Value], [Value1], [Value2], [CanEdit], [IsProviderAttr], [Index], [IsDeleted], [CreatedBy], [CreatedDate], [ModifiedBy], [ModifiedDate], [IsFileAttr]) VALUES (N'Value2', N'备用值2', 11, 0, N'Value2', N'', NULL, NULL, 0, 0, 0, 0, N'admin@kcloudy.com', CAST(N'2015-08-05T11:17:21.273' AS DateTime), N'admin@kcloudy.com', CAST(N'2015-08-05T11:17:21.473' AS DateTime), 0)
INSERT [cTest].[cfg_ConfigAttribute] ([DisplayName], [Description], [ConfigId], [DataType], [Name], [Value], [Value1], [Value2], [CanEdit], [IsProviderAttr], [Index], [IsDeleted], [CreatedBy], [CreatedDate], [ModifiedBy], [ModifiedDate], [IsFileAttr]) VALUES (N'Value3', N'备用值3', 11, 0, N'Value3', N'', NULL, NULL, 0, 0, 0, 0, N'admin@kcloudy.com', CAST(N'2015-08-05T11:17:21.273' AS DateTime), N'admin@kcloudy.com', CAST(N'2015-08-05T11:17:21.473' AS DateTime), 0)

-------------创蓝-营销短信：CFG2018120100012
INSERT [cTest].[cfg_ConfigEntity] ([ConfigId], [ConfigType], [ConfigName], [ConfigDescription], [ConfigXml], [IsDeleted], [CreatedBy], [CreatedDate], [ModifiedBy], [ModifiedDate], [ConfigSign], [ConfigImgUrl], [State], [ConfigCode]) VALUES (13, 2, N'创蓝-营销短信', N'创蓝-营销短信', NULL, 0, N'admin@kcloudy.com', CAST(N'2015-08-05T10:47:02.757' AS DateTime), N'admin@kcloudy.com', CAST(N'2015-08-14T02:30:26.297' AS DateTime), 0, NULL, 0, N'CFG2018120100012')
INSERT [cTest].[cfg_ConfigAttribute] ([DisplayName], [Description], [ConfigId], [DataType], [Name], [Value], [Value1], [Value2], [CanEdit], [IsProviderAttr], [Index], [IsDeleted], [CreatedBy], [CreatedDate], [ModifiedBy], [ModifiedDate], [IsFileAttr]) VALUES (N'发送地址', N'发送地址，此项必须，只需要修改值', 13, 0, N'SmsUrl', N'http://sapi.253.com/msg/HttpBatchSendSM', NULL, NULL, 0, 0, 0, 0, N'admin@kcloudy.com', CAST(N'2015-08-05T11:17:21.273' AS DateTime), N'admin@kcloudy.com', CAST(N'2018-03-28T02:16:21.903' AS DateTime), 0)
INSERT [cTest].[cfg_ConfigAttribute] ([DisplayName], [Description], [ConfigId], [DataType], [Name], [Value], [Value1], [Value2], [CanEdit], [IsProviderAttr], [Index], [IsDeleted], [CreatedBy], [CreatedDate], [ModifiedBy], [ModifiedDate], [IsFileAttr]) VALUES (N'用户名', N'平台账号，此项必须，只需要修改值', 13, 0, N'UserAccount', N'vip_caifu', NULL, NULL, 0, 0, 0, 0, N'admin@kcloudy.com', CAST(N'2015-08-05T11:17:21.273' AS DateTime), N'admin@kcloudy.com', CAST(N'2018-03-28T02:16:43.670' AS DateTime), 0)
INSERT [cTest].[cfg_ConfigAttribute] ([DisplayName], [Description], [ConfigId], [DataType], [Name], [Value], [Value1], [Value2], [CanEdit], [IsProviderAttr], [Index], [IsDeleted], [CreatedBy], [CreatedDate], [ModifiedBy], [ModifiedDate], [IsFileAttr]) VALUES (N'密码', N'平台账号密码，此项必须，只需要修改值', 13, 0, N'Password', N'Tch123456', NULL, NULL, 0, 0, 0, 0, N'admin@kcloudy.com', CAST(N'2015-08-05T11:17:21.273' AS DateTime), N'admin@kcloudy.com', CAST(N'2015-08-05T11:17:21.473' AS DateTime), 0)
INSERT [cTest].[cfg_ConfigAttribute] ([DisplayName], [Description], [ConfigId], [DataType], [Name], [Value], [Value1], [Value2], [CanEdit], [IsProviderAttr], [Index], [IsDeleted], [CreatedBy], [CreatedDate], [ModifiedBy], [ModifiedDate], [IsFileAttr]) VALUES (N'类型', N'0：通知短信；1：者营销短信；2：语音短信', 13, 0, N'Type', N'1', NULL, NULL, 0, 0, 0, 0, N'admin@kcloudy.com', CAST(N'2015-08-05T11:17:21.273' AS DateTime), N'admin@kcloudy.com', CAST(N'2015-08-05T11:17:21.473' AS DateTime), 0)
INSERT [cTest].[cfg_ConfigAttribute] ([DisplayName], [Description], [ConfigId], [DataType], [Name], [Value], [Value1], [Value2], [CanEdit], [IsProviderAttr], [Index], [IsDeleted], [CreatedBy], [CreatedDate], [ModifiedBy], [ModifiedDate], [IsFileAttr]) VALUES (N'平台名称', N'需要结合程序中实现的Class名称使用。', 13, 0, N'ProviderName', N'CL', NULL, NULL, 0, 0, 0, 0, N'admin@kcloudy.com', CAST(N'2015-08-05T11:17:21.273' AS DateTime), N'admin@kcloudy.com', CAST(N'2015-08-05T11:17:21.473' AS DateTime), 0)

-------------创蓝-语音短信：CFG2018120100013
INSERT [cTest].[cfg_ConfigEntity] ([ConfigId], [ConfigType], [ConfigName], [ConfigDescription], [ConfigXml], [IsDeleted], [CreatedBy], [CreatedDate], [ModifiedBy], [ModifiedDate], [ConfigSign], [ConfigImgUrl], [State], [ConfigCode]) VALUES (14, 2, N'创蓝-语音短信', N'创蓝-语音短信', NULL, 0, N'admin@kcloudy.com', CAST(N'2015-08-05T10:47:02.757' AS DateTime), N'admin@kcloudy.com', CAST(N'2015-08-14T02:30:26.297' AS DateTime), 0, NULL, 0, N'CFG2018120100013')
INSERT [cTest].[cfg_ConfigAttribute] ([DisplayName], [Description], [ConfigId], [DataType], [Name], [Value], [Value1], [Value2], [CanEdit], [IsProviderAttr], [Index], [IsDeleted], [CreatedBy], [CreatedDate], [ModifiedBy], [ModifiedDate], [IsFileAttr]) VALUES (N'发送地址', N'发送地址，此项必须，只需要修改值', 14, 0, N'SmsUrl', N'http://222.73.117.158/msg/HttpBatchSendSM', NULL, NULL, 0, 0, 0, 0, N'admin@kcloudy.com', CAST(N'2015-08-05T11:17:21.273' AS DateTime), N'admin@kcloudy.com', CAST(N'2018-03-28T02:15:38.800' AS DateTime), 0)
INSERT [cTest].[cfg_ConfigAttribute] ([DisplayName], [Description], [ConfigId], [DataType], [Name], [Value], [Value1], [Value2], [CanEdit], [IsProviderAttr], [Index], [IsDeleted], [CreatedBy], [CreatedDate], [ModifiedBy], [ModifiedDate], [IsFileAttr]) VALUES (N'用户名', N'平台账号，此项必须，只需要修改值', 14, 0, N'UserAccount', N'cf1_yuyin', NULL, NULL, 0, 0, 0, 0, N'admin@kcloudy.com', CAST(N'2015-08-05T11:17:21.273' AS DateTime), N'admin@kcloudy.com', CAST(N'2018-03-28T02:15:52.793' AS DateTime), 0)
INSERT [cTest].[cfg_ConfigAttribute] ([DisplayName], [Description], [ConfigId], [DataType], [Name], [Value], [Value1], [Value2], [CanEdit], [IsProviderAttr], [Index], [IsDeleted], [CreatedBy], [CreatedDate], [ModifiedBy], [ModifiedDate], [IsFileAttr]) VALUES (N'密码', N'平台账号密码，此项必须，只需要修改值', 14, 0, N'Password', N'Hk8psUAS3', NULL, NULL, 0, 0, 0, 0, N'admin@kcloudy.com', CAST(N'2015-08-05T11:17:21.273' AS DateTime), N'admin@kcloudy.com', CAST(N'2018-03-28T02:16:03.883' AS DateTime), 0)
INSERT [cTest].[cfg_ConfigAttribute] ([DisplayName], [Description], [ConfigId], [DataType], [Name], [Value], [Value1], [Value2], [CanEdit], [IsProviderAttr], [Index], [IsDeleted], [CreatedBy], [CreatedDate], [ModifiedBy], [ModifiedDate], [IsFileAttr]) VALUES (N'类型', N'0：通知短信；1：者营销短信；2：语音短信', 14, 0, N'Type', N'2', NULL, NULL, 0, 0, 0, 0, N'admin@kcloudy.com', CAST(N'2015-08-05T11:17:21.273' AS DateTime), N'admin@kcloudy.com', CAST(N'2015-08-05T11:17:21.473' AS DateTime), 0)
INSERT [cTest].[cfg_ConfigAttribute] ([DisplayName], [Description], [ConfigId], [DataType], [Name], [Value], [Value1], [Value2], [CanEdit], [IsProviderAttr], [Index], [IsDeleted], [CreatedBy], [CreatedDate], [ModifiedBy], [ModifiedDate], [IsFileAttr]) VALUES (N'平台名称', N'需要结合程序中实现的Class名称使用。', 14, 0, N'ProviderName', N'CL', NULL, NULL, 0, 0, 0, 0, N'admin@kcloudy.com', CAST(N'2015-08-05T11:17:21.273' AS DateTime), N'admin@kcloudy.com', CAST(N'2015-08-05T11:17:21.473' AS DateTime), 0)

-------------微信公众号：CFG2018120100014
INSERT [cTest].[cfg_ConfigEntity] ([ConfigId], [ConfigType], [ConfigName], [ConfigDescription], [ConfigXml], [IsDeleted], [CreatedBy], [CreatedDate], [ModifiedBy], [ModifiedDate], [ConfigSign], [ConfigImgUrl], [State], [ConfigCode]) VALUES (15, 7, N'微信公众号', N'微信公众号', NULL, 0, N'admin@kcloudy.com', CAST(N'2015-12-03T08:07:51.817' AS DateTime), N'admin@kcloudy.com', CAST(N'2017-10-30T08:07:57.163' AS DateTime), 0, NULL, 1, N'CFG2018120100014')
INSERT [cTest].[cfg_ConfigAttribute] ([DisplayName], [Description], [ConfigId], [DataType], [Name], [Value], [Value1], [Value2], [CanEdit], [IsProviderAttr], [Index], [IsDeleted], [CreatedBy], [CreatedDate], [ModifiedBy], [ModifiedDate], [IsFileAttr]) VALUES (N'应用Id', N'设置企业微信公众中所申请的AppId。', 15, 0, N'AppId', N'wx535acd8472971861', NULL, NULL, 0, 0, 0, 0, N'admin@kcloudy.com', CAST(N'2017-10-30T11:17:21.273' AS DateTime), N'admin@kcloudy.com', CAST(N'2017-10-30T11:17:21.473' AS DateTime), 0)
INSERT [cTest].[cfg_ConfigAttribute] ([DisplayName], [Description], [ConfigId], [DataType], [Name], [Value], [Value1], [Value2], [CanEdit], [IsProviderAttr], [Index], [IsDeleted], [CreatedBy], [CreatedDate], [ModifiedBy], [ModifiedDate], [IsFileAttr]) VALUES (N'应用Secret', N'设置企业微信公众中所申请的Secret', 15, 0, N'AppSecret', N'2ff204ecdd7526e68578d5590c89dd1c', NULL, NULL, 0, 0, 0, 0, N'admin@kcloudy.com', CAST(N'2017-10-30T11:17:21.273' AS DateTime), N'admin@kcloudy.com', CAST(N'2017-10-30T11:17:21.473' AS DateTime), 0)
INSERT [cTest].[cfg_ConfigAttribute] ([DisplayName], [Description], [ConfigId], [DataType], [Name], [Value], [Value1], [Value2], [CanEdit], [IsProviderAttr], [Index], [IsDeleted], [CreatedBy], [CreatedDate], [ModifiedBy], [ModifiedDate], [IsFileAttr]) VALUES (N'应用Token', N'设置企业微信公众中所申请的Token', 15, 0, N'Token', N'1231231234', NULL, NULL, 0, 0, 0, 0, N'admin@kcloudy.com', CAST(N'2017-10-30T11:17:21.273' AS DateTime), N'admin@kcloudy.com', CAST(N'2017-10-30T11:17:21.473' AS DateTime), 0)
INSERT [cTest].[cfg_ConfigAttribute] ([DisplayName], [Description], [ConfigId], [DataType], [Name], [Value], [Value1], [Value2], [CanEdit], [IsProviderAttr], [Index], [IsDeleted], [CreatedBy], [CreatedDate], [ModifiedBy], [ModifiedDate], [IsFileAttr]) VALUES (N'Value1', N'微信公众号的其他设置Value1', 15, 0, N'Value1', N'', NULL, NULL, 0, 0, 0, 0, N'admin@kcloudy.com', CAST(N'2017-10-30T11:17:21.273' AS DateTime), N'admin@kcloudy.com', CAST(N'2017-10-30T11:17:21.473' AS DateTime), 0)
INSERT [cTest].[cfg_ConfigAttribute] ([DisplayName], [Description], [ConfigId], [DataType], [Name], [Value], [Value1], [Value2], [CanEdit], [IsProviderAttr], [Index], [IsDeleted], [CreatedBy], [CreatedDate], [ModifiedBy], [ModifiedDate], [IsFileAttr]) VALUES (N'Value2', N'微信公众号的其他设置Value2', 15, 0, N'Value2', N'', NULL, NULL, 0, 0, 0, 0, N'admin@kcloudy.com', CAST(N'2017-10-30T11:17:21.273' AS DateTime), N'admin@kcloudy.com', CAST(N'2017-10-30T11:17:21.473' AS DateTime), 0)

-------------商票系统配置：CFG2018120100015
INSERT [cTest].[cfg_ConfigEntity] ([ConfigId], [ConfigType], [ConfigName], [ConfigDescription], [ConfigXml], [IsDeleted], [CreatedBy], [CreatedDate], [ModifiedBy], [ModifiedDate], [ConfigSign], [ConfigImgUrl], [State], [ConfigCode]) VALUES (31, 99, N'商票', N'商票系统配置', NULL, 0, N'admin@kcloudy.com', CAST(N'2018-05-24T08:12:17.000' AS DateTime), N'admin@kcloudy.com', CAST(N'2018-05-24T08:13:48.517' AS DateTime), 0, NULL, 0, N'CFG2018120100015')
INSERT [cTest].[cfg_ConfigAttribute] ([DisplayName], [Description], [ConfigId], [DataType], [Name], [Value], [Value1], [Value2], [CanEdit], [IsProviderAttr], [Index], [IsDeleted], [CreatedBy], [CreatedDate], [ModifiedBy], [ModifiedDate], [IsFileAttr]) VALUES (N'回调地址', N'票据系统回调商城，更新票据信息', 31, 0, N'CallBackUrl', N'/Admin/Bill/CallBack', NULL, NULL, 0, 0, 1, 0, N'admin@kcloudy.com', CAST(N'2018-05-24T08:13:51.000' AS DateTime), N'admin@kcloudy.com', CAST(N'2018-05-24T08:14:24.793' AS DateTime), 0)
INSERT [cTest].[cfg_ConfigAttribute] ([DisplayName], [Description], [ConfigId], [DataType], [Name], [Value], [Value1], [Value2], [CanEdit], [IsProviderAttr], [Index], [IsDeleted], [CreatedBy], [CreatedDate], [ModifiedBy], [ModifiedDate], [IsFileAttr]) VALUES (N'密钥', N'生成token使用', 31, 0, N'SHARE_KEY', N'7NEERm3flL1q2R3Jvjyo', NULL, NULL, 0, 0, 2, 0, N'admin@kcloudy.com', CAST(N'2018-05-24T08:14:27.000' AS DateTime), N'admin@kcloudy.com', CAST(N'2018-05-24T08:14:44.540' AS DateTime), 0)
INSERT [cTest].[cfg_ConfigAttribute] ([DisplayName], [Description], [ConfigId], [DataType], [Name], [Value], [Value1], [Value2], [CanEdit], [IsProviderAttr], [Index], [IsDeleted], [CreatedBy], [CreatedDate], [ModifiedBy], [ModifiedDate], [IsFileAttr]) VALUES (N'提交地址', N'数据提交地址，以/结尾', 31, 0, N'PostUrl', N'http://ticketapi.tunnel.cfwin.cn/api/', NULL, NULL, 0, 0, 3, 0, N'admin@kcloudy.com', CAST(N'2018-05-24T08:14:46.000' AS DateTime), N'admin@kcloudy.com', CAST(N'2018-05-24T08:15:05.880' AS DateTime), 0)

SET IDENTITY_INSERT [cTest].[cfg_ConfigEntity] OFF
GO


-------------阿里云短信配置：CFG2020010100001
INSERT [cTest].[cfg_ConfigEntity] ([ConfigType], [ConfigName], [ConfigDescription], [ConfigXml], [IsDeleted], [CreatedBy], [CreatedDate], [ModifiedBy], [ModifiedDate], [ConfigSign], [ConfigImgUrl], [State], [ConfigCode]) VALUES (2, N'阿里云-短信配置', N'阿里云-短信配置', NULL, 0, N'admin@kcloudy.com', CAST(N'2015-08-05T10:47:02.757' AS DateTime), N'admin@kcloudy.com', CAST(N'2015-08-14T02:30:26.297' AS DateTime), 0, NULL, 1, N'CFG2020010100001')
GO
declare @configId INT
set @configId= (SELECT @@IDENTITY )
INSERT [cTest].[cfg_ConfigAttribute] ([DisplayName], [Description], [ConfigId], [DataType], [Name], [Value], [Value1], [Value2], [CanEdit], [IsProviderAttr], [Index], [IsDeleted], [CreatedBy], [CreatedDate], [ModifiedBy], [ModifiedDate], [IsFileAttr]) VALUES (N'RegionId', N'阿里云API中的RegionId，此项必须，只需要修改值', @configId, 0, N'SmsUrl', N'cn-hangzhou', NULL, NULL, 0, 0, 0, 0, N'admin@kcloudy.com', CAST(N'2015-08-05T11:17:21.273' AS DateTime), N'admin@kcloudy.com', CAST(N'2015-08-05T11:17:21.473' AS DateTime), 0)
INSERT [cTest].[cfg_ConfigAttribute] ([DisplayName], [Description], [ConfigId], [DataType], [Name], [Value], [Value1], [Value2], [CanEdit], [IsProviderAttr], [Index], [IsDeleted], [CreatedBy], [CreatedDate], [ModifiedBy], [ModifiedDate], [IsFileAttr]) VALUES (N'AccessKey', N'阿里云API中的AccessKey，此项必须，只需要修改值', @configId, 0, N'UserAccount', N'LTAI5t7MMvnzJfhoSEkno1kF', NULL, NULL, 0, 0, 0, 0, N'admin@kcloudy.com', CAST(N'2015-08-05T11:17:21.273' AS DateTime), N'admin@kcloudy.com', CAST(N'2015-08-05T11:17:21.473' AS DateTime), 0)
INSERT [cTest].[cfg_ConfigAttribute] ([DisplayName], [Description], [ConfigId], [DataType], [Name], [Value], [Value1], [Value2], [CanEdit], [IsProviderAttr], [Index], [IsDeleted], [CreatedBy], [CreatedDate], [ModifiedBy], [ModifiedDate], [IsFileAttr]) VALUES (N'AccessKeySecret', N'阿里云API中的AccessKeySecret，此项必须，只需要修改值', @configId, 0, N'Password', N'o6DfaNZWIP4d7FXG6DgLLpbMjyj5kj', NULL, NULL, 0, 0, 0, 0, N'admin@kcloudy.com', CAST(N'2015-08-05T11:17:21.273' AS DateTime), N'admin@kcloudy.com', CAST(N'2015-08-05T11:17:21.473' AS DateTime), 0)
INSERT [cTest].[cfg_ConfigAttribute] ([DisplayName], [Description], [ConfigId], [DataType], [Name], [Value], [Value1], [Value2], [CanEdit], [IsProviderAttr], [Index], [IsDeleted], [CreatedBy], [CreatedDate], [ModifiedBy], [ModifiedDate], [IsFileAttr]) VALUES (N'类型', N'用途：通知短信或者营销短信，如果不填，则通知短信跟营销短信都可使用。', @configId, 0, N'Type', N'1', NULL, NULL, 0, 0, 0, 0, N'admin@kcloudy.com', CAST(N'2015-08-05T11:17:21.273' AS DateTime), N'admin@kcloudy.com', CAST(N'2015-08-05T11:17:21.473' AS DateTime), 0)
INSERT [cTest].[cfg_ConfigAttribute] ([DisplayName], [Description], [ConfigId], [DataType], [Name], [Value], [Value1], [Value2], [CanEdit], [IsProviderAttr], [Index], [IsDeleted], [CreatedBy], [CreatedDate], [ModifiedBy], [ModifiedDate], [IsFileAttr]) VALUES (N'平台名称', N'需要结合程序中实现的Class名称使用。', @configId, 0, N'ProviderName', N'Ali', NULL, NULL, 0, 0, 0, 0, N'admin@kcloudy.com', CAST(N'2015-08-05T11:17:21.273' AS DateTime), N'admin@kcloudy.com', CAST(N'2015-08-05T11:17:21.473' AS DateTime), 0)
INSERT [cTest].[cfg_ConfigAttribute] ([DisplayName], [Description], [ConfigId], [DataType], [Name], [Value], [Value1], [Value2], [CanEdit], [IsProviderAttr], [Index], [IsDeleted], [CreatedBy], [CreatedDate], [ModifiedBy], [ModifiedDate], [IsFileAttr]) VALUES (N'Signature', N'短信签名', @configId, 0, N'Signature', N'鑫亚科技', NULL, NULL, 0, 0, 0, 0, N'admin@kcloudy.com', CAST(N'2015-08-13T06:53:42.697' AS DateTime), N'admin@kcloudy.com', CAST(N'2015-08-13T06:53:42.727' AS DateTime), 0)
GO


